coach_name,total_go_for_it,actual_go_rate,total_opportunities,expected_go_for_it,expected_go_rate,expected_go_prob_sum,expected_go_prob_rate,go_over_expected_sum,go_over_expected_rate,go_over_expected_prob_sum,go_over_expected_prob_rate,primary_team,first_year,last_year,aggression_over_expected,aggression_over_expected_prob,aggression_rank
Willie Simmons,30,0.2542372881355932,118,24,0.2033898305084746,24.99267485943758,0.21180232931726764,6,0.05084745762711865,5.007325140562417,0.04243495881832556,Florida International,2025,2025,0.05084745762711862,0.04243495881832557,1
Joe Harasymiak,28,0.224,125,22,0.176,25.817906265564318,0.20654325012451455,6,0.048,2.1820937344356826,0.01745674987548546,Massachusetts,2025,2025,0.048000000000000015,0.017456749875485456,2
Jason Eck,32,0.3368421052631579,95,28,0.29473684210526313,26.599873742163588,0.279998670970143,4,0.042105263157894736,5.400126257836412,0.05684343429301486,New Mexico,2025,2025,0.04210526315789476,0.05684343429301486,3
Joey McGuire,125,0.30339805825242716,412,109,0.2645631067961165,103.5046008423484,0.25122475932608834,16,0.038834951456310676,21.49539915765161,0.05217329892633887,Texas Tech,2022,2025,0.03883495145631066,0.05217329892633882,4
Lane Kiffin,273,0.3211764705882353,850,242,0.2847058823529412,224.98362340268966,0.26468661576787017,31,0.036470588235294116,48.01637659731035,0.056489854820365115,Ole Miss,2017,2025,0.03647058823529409,0.056489854820365115,5
Dan Lanning,92,0.30564784053156147,301,82,0.2724252491694352,79.88552162713708,0.2654004040768674,10,0.03322259136212625,12.11447837286292,0.040247436454694085,Oregon,2022,2025,0.03322259136212624,0.040247436454694085,6
Mike London,15,0.15789473684210525,95,12,0.12631578947368421,14.186543991818123,0.14933204201913813,3,0.031578947368421054,0.8134560081818767,0.008562694822967122,Virginia,2015,2015,0.03157894736842104,0.00856269482296712,7
Trent Dilfer,93,0.3229166666666667,288,84,0.2916666666666667,81.57209693992172,0.28323644770806156,9,0.03125,11.427903060078277,0.03968021895860513,UAB,2023,2025,0.03125,0.03968021895860513,8
Dave Aranda,221,0.37268128161888703,593,203,0.342327150084317,188.62832106379454,0.31809160381752877,18,0.03035413153456998,32.371678936205456,0.054589677801358275,Baylor,2020,2025,0.030354131534570006,0.05458967780135826,9
Charles Kelly,24,0.23529411764705882,102,21,0.20588235294117646,21.946407083714014,0.2151608537619021,3,0.029411764705882353,2.053592916285987,0.020133263885156738,Jacksonville State,2025,2025,0.02941176470588236,0.02013326388515671,10
Fran Brown,64,0.3106796116504854,206,58,0.2815533980582524,54.53939771995113,0.26475435786384044,6,0.02912621359223301,9.460602280048864,0.04592525378664497,Syracuse,2024,2025,0.029126213592232997,0.04592525378664497,11
Trent Bray,67,0.32057416267942584,209,61,0.291866028708134,57.0499550348415,0.2729662920327345,6,0.028708133971291867,9.950044965158499,0.047607870646691385,Oregon State,2024,2025,0.02870813397129185,0.047607870646691364,12
Scott Abell,30,0.26548672566371684,113,27,0.23893805309734514,26.70767799570508,0.23635113270535468,3,0.02654867256637168,3.2923220042949217,0.029135592958362138,Rice,2025,2025,0.026548672566371695,0.029135592958362155,13
Bill O'Brien,63,0.3165829145728643,199,58,0.2914572864321608,56.71863317159954,0.2850182571437163,5,0.02512562814070352,6.281366828400459,0.03156465742914803,Boston College,2024,2025,0.025125628140703515,0.03156465742914799,14
Kenny Dillingham,99,0.3046153846153846,325,91,0.28,88.86970650207064,0.273445250775602,8,0.024615384615384615,10.13029349792936,0.031170133839782645,Arizona State,2023,2025,0.024615384615384595,0.03117013383978262,15
Charlie Partridge,49,0.22897196261682243,214,44,0.205607476635514,48.39940131106256,0.22616542668720824,5,0.02336448598130841,0.6005986889374357,0.0028065359296141857,Florida Atlantic,2015,2016,0.023364485981308414,0.00280653592961419,16
Art Briles,35,0.3645833333333333,96,33,0.34375,31.063157434132137,0.3235745566055431,2,0.020833333333333332,3.9368425658678623,0.041008776727790235,Baylor,2015,2015,0.020833333333333315,0.04100877672779024,17
Matt Drinkall,26,0.2653061224489796,98,24,0.24489795918367346,25.62694183491915,0.26149940647876685,2,0.02040816326530612,0.3730581650808497,0.003806715970212752,Central Michigan,2025,2025,0.020408163265306145,0.0038067159702127595,18
Jeff Choate,55,0.27918781725888325,197,51,0.25888324873096447,50.85468405089918,0.2581456043192852,4,0.02030456852791878,4.145315949100822,0.02104221293959808,Nevada,2024,2025,0.020304568527918787,0.02104221293959807,19
Paul Petrino,62,0.20735785953177258,299,56,0.18729096989966554,60.31227622872275,0.2017132984238219,6,0.020066889632107024,1.687723771277252,0.0056445611079506755,Idaho,2015,2017,0.020066889632107038,0.0056445611079506686,20
Jeff Monken,346,0.43034825870646765,804,330,0.41044776119402987,297.1237468936745,0.36955689912148565,16,0.01990049751243781,48.87625310632553,0.060791359584982003,Army,2015,2025,0.019900497512437776,0.060791359584982,21
Tim Lappano,14,0.13725490196078433,102,12,0.11764705882352941,13.70839500380424,0.13439602944906118,2,0.0196078431372549,0.2916049961957605,0.0028588725117231423,Georgia State,2016,2016,0.019607843137254916,0.0028588725117231484,22
Scotty Walden,82,0.26282051282051283,312,76,0.24358974358974358,74.08208731435559,0.2374425875460115,6,0.019230769230769232,7.9179126856444055,0.0253779252745013,UTEP,2020,2025,0.019230769230769246,0.025377925274501334,23
Clark Lea,116,0.2431865828092243,477,107,0.22431865828092243,106.03713771480113,0.22230007906666904,9,0.018867924528301886,9.962862285198865,0.02088650374255527,Vanderbilt,2021,2025,0.018867924528301883,0.020886503742555268,24
Butch Davis,87,0.2013888888888889,432,79,0.18287037037037038,84.58515817885234,0.1957989772658619,8,0.018518518518518517,2.414841821147665,0.005589911623027002,Florida International,2017,2021,0.018518518518518517,0.005589911623026994,25
Troy Taylor,69,0.3194444444444444,216,65,0.30092592592592593,60.32142781009912,0.27926586949119964,4,0.018518518518518517,8.678572189900885,0.04017857495324484,Stanford,2023,2024,0.01851851851851849,0.04017857495324478,26
Turner Gill,21,0.1926605504587156,109,19,0.1743119266055046,21.58444942707809,0.19802247180805588,2,0.01834862385321101,-0.5844494270780916,-0.00536192134934029,Liberty,2018,2018,0.01834862385321101,-0.005361921349340271,27
Chip Kelly,151,0.300796812749004,502,142,0.28286852589641437,135.3874260360654,0.2696960678009271,9,0.017928286852589643,15.612573963934622,0.031100744948076936,UCLA,2018,2023,0.017928286852589626,0.031100744948076908,28
Shane Beamer,129,0.2549407114624506,506,120,0.23715415019762845,119.51948888187148,0.23620452348195944,9,0.017786561264822136,9.480511118128517,0.01873618798049114,South Carolina,2021,2025,0.01778656126482217,0.018736187980491176,29
Bryant Vincent,77,0.27208480565371024,283,72,0.254416961130742,67.86746736016663,0.23981437229740857,5,0.0176678445229682,9.132532639833368,0.032270433356301656,UL Monroe,2022,2025,0.017667844522968212,0.03227043335630167,30
Nick Rolovich,134,0.26171875,512,125,0.244140625,121.75072163242287,0.2377943781883259,9,0.017578125,12.249278367577135,0.023924371811674092,Hawai'i,2016,2021,0.017578125,0.02392437181167409,31
Chris Klieman,147,0.22932917316692666,641,136,0.2121684867394696,142.9049067129706,0.22294057209511792,11,0.0171606864274571,4.0950932870294094,0.0063886010718087515,Kansas State,2019,2025,0.017160686427457078,0.006388601071808747,32
Pat Fitzgerald,212,0.24145785876993167,878,197,0.224373576309795,197.61305500759204,0.22507181663734857,15,0.017084282460136675,14.386944992407956,0.016386042132583094,Northwestern,2015,2022,0.017084282460136685,0.0163860421325831,33
Kane Wommack,100,0.32679738562091504,306,95,0.3104575163398693,89.79898303590453,0.293460728875505,5,0.016339869281045753,10.20101696409547,0.03333665674541003,South Alabama,2021,2023,0.01633986928104575,0.03333665674541003,34
Marcus Arroyo,49,0.1952191235059761,251,45,0.17928286852589642,50.622776882036085,0.20168437004795253,4,0.01593625498007968,-1.6227768820360822,-0.006465246541976423,UNLV,2020,2022,0.015936254980079667,-0.006465246541976444,35
Tre Lamb,47,0.373015873015873,126,45,0.35714285714285715,43.559092969757366,0.3457070870615664,2,0.015873015873015872,3.440907030242633,0.02730878595430661,Tulsa,2025,2025,0.015873015873015872,0.027308785954306636,36
Curt Cignetti,73,0.2310126582278481,316,68,0.21518987341772153,69.29378671222138,0.21928413516525752,5,0.015822784810126583,3.7062132877786236,0.011728523062590581,James Madison,2022,2025,0.015822784810126583,0.01172852306259059,37
Steve Sarkisian,106,0.22844827586206898,464,99,0.21336206896551724,101.3368305059368,0.21839834160762242,7,0.015086206896551725,4.6631694940631965,0.010049934254446544,Texas,2021,2025,0.01508620689655174,0.010049934254446558,38
Spencer Danielson,62,0.23308270676691728,266,58,0.21804511278195488,55.16718218351919,0.20739542174255335,4,0.015037593984962405,6.832817816480813,0.02568728502436396,Boise State,2023,2025,0.015037593984962405,0.02568728502436393,39
Jake Dickert,114,0.2389937106918239,477,107,0.22431865828092243,109.81564659272165,0.23022148132646048,7,0.014675052410901468,4.184353407278352,0.008772229365363421,Washington State,2021,2025,0.014675052410901473,0.008772229365363426,40
Sonny Dykes,257,0.2660455486542443,966,243,0.2515527950310559,242.2379343501657,0.25076390719478847,14,0.014492753623188406,14.762065649834302,0.015281641459455798,SMU,2015,2025,0.014492753623188415,0.01528164145945582,41
Jonathan Smith,195,0.2826086956521739,690,185,0.26811594202898553,176.67903861371315,0.25605657770103357,10,0.014492753623188406,18.320961386286847,0.026552117951140358,Oregon State,2018,2025,0.01449275362318836,0.02655211795114032,42
Eric Morris,102,0.3695652173913043,276,98,0.35507246376811596,87.13923745830846,0.3157218748489437,4,0.014492753623188406,14.860762541691548,0.05384334254236068,North Texas,2023,2025,0.01449275362318836,0.05384334254236062,43
Bobby Wilder,143,0.2585895117540687,553,135,0.244122965641953,133.93809258214682,0.24220269906355665,8,0.014466546112115732,9.061907417853167,0.016386812690512054,Old Dominion,2015,2019,0.014466546112115702,0.016386812690512037,44
Dell McGee,61,0.2837209302325581,215,58,0.26976744186046514,57.22895659987423,0.2661811934877871,3,0.013953488372093023,3.7710434001257704,0.017539736744771026,Georgia State,2024,2025,0.013953488372092981,0.017539736744770995,45
D.J. Durkin,51,0.2361111111111111,216,48,0.2222222222222222,49.50459037280717,0.22918791839262578,3,0.013888888888888888,1.4954096271928279,0.0069231927184853145,Maryland,2016,2017,0.013888888888888895,0.0069231927184853215,46
Timmy Chang,103,0.23787528868360278,433,97,0.22401847575057737,98.31626477479851,0.22705834820969634,6,0.013856812933025405,4.68373522520149,0.010816940473906442,Hawai'i,2022,2025,0.013856812933025403,0.010816940473906439,47
Troy Calhoun,286,0.3253697383390216,879,274,0.3117178612059158,271.3988472495237,0.308758643059754,12,0.013651877133105802,14.601152750476272,0.01661109527926766,Air Force,2015,2025,0.013651877133105783,0.01661109527926763,48
Bryan McClendon,16,0.21621621621621623,74,15,0.20270270270270271,15.97601113757121,0.21589204239961093,1,0.013513513513513514,0.023988862428790086,0.00032417381660527144,Oregon,2021,2021,0.013513513513513514,0.0003241738166052943,49
Tyson Helton,180,0.26905829596412556,669,171,0.2556053811659193,166.34250154916793,0.24864350007349467,9,0.013452914798206279,13.657498450832065,0.02041479589063089,Western Kentucky,2019,2025,0.013452914798206261,0.020414795890630888,50
Thomas Hammock,168,0.2441860465116279,688,159,0.2311046511627907,155.9762442646059,0.22670965736134577,9,0.01308139534883721,12.023755735394118,0.01747638915028215,Northern Illinois,2019,2025,0.013081395348837205,0.01747638915028213,51
Brent Key,82,0.21354166666666666,384,77,0.20052083333333334,77.35678609448541,0.20144996378772242,5,0.013020833333333334,4.643213905514583,0.012091702878944226,Georgia Tech,2022,2025,0.013020833333333315,0.012091702878944233,52
Mike Bobo,113,0.2088724584103512,541,106,0.19593345656192238,114.50082712074278,0.21164663053741734,7,0.012939001848428836,-1.5008271207427764,-0.00277417212706613,Colorado State,2015,2020,0.012939001848428833,-0.002774172127066127,53
Mike Sanford Jr.,81,0.25,324,77,0.23765432098765432,77.3114332196139,0.238615534628438,4,0.012345679012345678,3.688566780386098,0.011384465371562031,Western Kentucky,2017,2022,0.012345679012345678,0.011384465371562014,54
Mike Norvell,221,0.2433920704845815,908,210,0.23127753303964757,206.4238798242751,0.2273390746963382,11,0.012114537444933921,14.576120175724903,0.016052995788243284,Florida State,2016,2025,0.012114537444933932,0.01605299578824329,55
Bret Bielema,161,0.2163978494623656,744,152,0.20430107526881722,156.20539917563343,0.20995349351563633,9,0.012096774193548387,4.794600824366581,0.006444355946729275,Illinois,2015,2025,0.012096774193548376,0.006444355946729263,56
Brian Smith,28,0.3373493975903614,83,27,0.3253012048192771,25.74851520170301,0.3102230747193134,1,0.012048192771084338,2.2514847982969886,0.027126322871048054,Ohio,2025,2025,0.01204819277108432,0.027126322871048048,57
Rich Rodriguez,145,0.24744027303754265,586,138,0.2354948805460751,135.84719618830576,0.23182115390495864,7,0.011945392491467578,9.152803811694232,0.015619119132584014,Arizona,2015,2025,0.01194539249146756,0.015619119132584014,58
Tony Elliott,94,0.2211764705882353,425,89,0.20941176470588235,93.88731135856658,0.22091132084368606,5,0.011764705882352941,0.11268864143342083,0.0002651497445492255,Virginia,2022,2025,0.011764705882352955,0.0002651497445492479,59
Scott Satterfield,259,0.2519455252918288,1028,247,0.24027237354085604,241.84647060309973,0.2352592126489297,12,0.011673151750972763,17.153529396900268,0.016686312642899093,App State,2015,2025,0.011673151750972749,0.016686312642899076,60
Jedd Fisch,125,0.23809523809523808,525,119,0.22666666666666666,115.80841105904253,0.22058744963627147,6,0.011428571428571429,9.191588940957471,0.01750778845896661,Arizona,2017,2025,0.011428571428571427,0.01750778845896661,61
Mike Leach,182,0.2545454545454545,715,174,0.24335664335664337,172.17981053714493,0.24081092382817473,8,0.011188811188811189,9.820189462855073,0.013734530717279822,Washington State,2015,2022,0.011188811188811154,0.013734530717279786,62
Les Miles,59,0.162534435261708,363,55,0.15151515151515152,59.73230444275866,0.1645518028726134,4,0.011019283746556474,-0.7323044427586616,-0.002017367610905404,Kansas,2015,2020,0.011019283746556474,-0.0020173676109054017,63
Scottie Montgomery,87,0.23901098901098902,364,83,0.22802197802197802,86.12049599573236,0.23659476921904493,4,0.01098901098901099,0.8795040042676416,0.0024162197919440705,East Carolina,2016,2018,0.010989010989011005,0.002416219791944091,64
Chip Lindsey,64,0.23357664233576642,274,61,0.22262773722627738,62.8935175280644,0.22953838513892116,3,0.010948905109489052,1.1064824719355983,0.004038257196845249,Troy,2019,2021,0.010948905109489038,0.004038257196845252,65
Brian Newberry,66,0.2391304347826087,276,63,0.22826086956521738,67.84759477247655,0.2458246187408571,3,0.010869565217391304,-1.8475947724765573,-0.006694183958248396,Navy,2023,2025,0.010869565217391325,-0.00669418395824839,66
Rhett Lashlee,89,0.24054054054054055,370,85,0.22972972972972974,86.51429561403343,0.23382242057846872,4,0.010810810810810811,2.4857043859665686,0.0067181199620718075,SMU,2022,2025,0.010810810810810811,0.0067181199620718335,67
Mark Ivey,22,0.23404255319148937,94,21,0.22340425531914893,20.067038705321774,0.2134791351629976,1,0.010638297872340425,1.9329612946782246,0.02056341802849175,App State,2018,2018,0.010638297872340441,0.020563418028491764,68
Matt Entz,22,0.23157894736842105,95,21,0.22105263157894736,22.580240989516806,0.23768674725807165,1,0.010526315789473684,-0.5802409895168069,-0.006107799889650599,Fresno State,2025,2025,0.01052631578947369,-0.0061077998896506,69
Blake Harrell,47,0.24479166666666666,192,45,0.234375,45.248863878790104,0.23567116603536511,2,0.010416666666666666,1.7511361212098961,0.009120500631301542,East Carolina,2024,2025,0.010416666666666657,0.009120500631301542,70
Elijah Robinson,20,0.20618556701030927,97,19,0.1958762886597938,19.76997094523156,0.20381413345599547,1,0.010309278350515464,0.23002905476843982,0.0023714335543138128,Texas A&M,2023,2023,0.010309278350515455,0.0023714335543137954,71
Peter Rossomando,37,0.38144329896907214,97,36,0.3711340206185567,35.15263930950365,0.3623983433969448,1,0.010309278350515464,1.8473606904963493,0.019044955572127313,Charlotte,2022,2022,0.010309278350515427,0.01904495557212732,72
Matt Rhule,164,0.21106821106821108,777,156,0.20077220077220076,159.5800916250686,0.2053797833012466,8,0.010296010296010296,4.419908374931382,0.005688427766964456,Baylor,2015,2025,0.010296010296010322,0.005688427766964488,73
Jimmy Rogers,20,0.20408163265306123,98,19,0.19387755102040816,20.176517443613594,0.20588283105728158,1,0.01020408163265306,-0.17651744361359403,-0.0018011984042203472,Washington State,2025,2025,0.010204081632653073,-0.0018011984042203555,74
Dave Doeren,210,0.19301470588235295,1088,199,0.18290441176470587,212.78208597458595,0.19557177019722974,11,0.01011029411764706,-2.7820859745859514,-0.0025570643148767934,NC State,2015,2025,0.010110294117647078,-0.002557064314876789,75
Marcus Freeman,102,0.2537313432835821,402,98,0.24378109452736318,95.4900596375653,0.2375374617849883,4,0.009950248756218905,6.509940362434707,0.0161938814985938,Notre Dame,2021,2025,0.009950248756218916,0.0161938814985938,76
Greg Gasparato,26,0.2549019607843137,102,25,0.24509803921568626,25.360045439015895,0.24862789646094016,1,0.00980392156862745,0.6399545609841037,0.006274064323373566,Troy,2023,2023,0.009803921568627444,0.006274064323373546,77
Alex Miller,25,0.24509803921568626,102,24,0.23529411764705882,23.16466422453739,0.2271045512209548,1,0.00980392156862745,1.835335775462612,0.01799348799473149,Massachusetts,2021,2021,0.009803921568627444,0.017993487994731466,78
Ryan Carty,33,0.32038834951456313,103,32,0.3106796116504854,30.279469734468975,0.29397543431523276,1,0.009708737864077669,2.7205302655310253,0.026412915199330343,Delaware,2025,2025,0.009708737864077721,0.026412915199330367,79
Frank Wilson,86,0.2052505966587112,419,82,0.1957040572792363,86.43163611463834,0.20628075445021082,4,0.00954653937947494,-0.43163611463833257,-0.0010301577914996003,UTSA,2016,2019,0.009546539379474916,-0.0010301577914996196,80
Mark Whipple,107,0.25,428,103,0.24065420560747663,99.41658352361496,0.23228173720470785,4,0.009345794392523364,7.583416476385036,0.01771826279529214,Massachusetts,2015,2018,0.009345794392523366,0.01771826279529215,81
Dennis Franchione,23,0.21495327102803738,107,22,0.205607476635514,21.509186520007486,0.2010204347664251,1,0.009345794392523364,1.4908134799925143,0.013932836261612284,Texas State,2015,2015,0.009345794392523366,0.013932836261612291,82
Mike Jinks,76,0.2367601246105919,321,73,0.22741433021806853,72.74776288763799,0.22662854482130215,3,0.009345794392523364,3.252237112362008,0.010131579789289745,Bowling Green,2016,2018,0.009345794392523366,0.010131579789289746,83
Scott Frost,173,0.2255541069100391,767,166,0.21642764015645372,167.58016915984146,0.21848783462821572,7,0.009126466753585397,5.419830840158547,0.007066272281823399,Nebraska,2016,2025,0.009126466753585388,0.0070662722818233825,84
Paul Johnson,93,0.2826747720364742,329,90,0.2735562310030395,85.76514380057165,0.260684327661312,3,0.00911854103343465,7.234856199428357,0.02199044437516218,Georgia Tech,2015,2018,0.00911854103343468,0.021990444375162177,85
Frank Reich,24,0.21818181818181817,110,23,0.20909090909090908,23.357454136907986,0.21234049215370895,1,0.00909090909090909,0.6425458630920139,0.005841326028109217,Stanford,2025,2025,0.009090909090909094,0.005841326028109217,86
Kurt Roper,23,0.20909090909090908,110,22,0.2,23.459284970656366,0.21326622700596695,1,0.00909090909090909,-0.4592849706563645,-0.004175317915057859,Colorado,2018,2018,0.009090909090909066,-0.0041753179150578745,87
Mark Carney,30,0.2702702702702703,111,29,0.26126126126126126,25.282757975240372,0.22777259437153488,1,0.009009009009009009,4.717242024759626,0.04249767589873537,Kent State,2025,2025,0.009009009009009028,0.042497675898735404,88
Kalani Sitake,218,0.2435754189944134,895,210,0.2346368715083799,206.5754871720628,0.23081060019224894,8,0.008938547486033519,11.424512827937198,0.012764818802164467,BYU,2016,2025,0.00893854748603351,0.012764818802164457,89
Brian Brohm,25,0.22321428571428573,112,24,0.21428571428571427,24.875005093312442,0.22209825976171824,1,0.008928571428571428,0.12499490668755825,0.0011160259525674844,Purdue,2022,2022,0.008928571428571452,0.0011160259525674898,90
Joey Jones,56,0.16666666666666666,336,53,0.15773809523809523,58.86248056342588,0.17518595405781512,3,0.008928571428571428,-2.862480563425882,-0.008519287391148458,South Alabama,2015,2017,0.008928571428571425,-0.008519287391148461,91
Lorenzo Ward,22,0.19642857142857142,112,21,0.1875,22.179523925551468,0.19803146362099525,1,0.008928571428571428,-0.1795239255514694,-0.0016028921924238339,Louisville,2018,2018,0.008928571428571425,-0.0016028921924238215,92
Deion Branch,30,0.26785714285714285,112,29,0.25892857142857145,28.84743239839893,0.25756636069999045,1,0.008928571428571428,1.1525676016010697,0.01029078215715241,Louisville,2022,2022,0.008928571428571397,0.0102907821571524,93
Seth Littrell,174,0.25588235294117645,680,168,0.24705882352941178,170.79339409676845,0.2511667560246595,6,0.008823529411764706,3.2066059032315586,0.0047155969165169976,North Texas,2016,2022,0.008823529411764675,0.004715596916516962,94
Dan Mullen,165,0.23982558139534885,688,159,0.2311046511627907,163.9427769354001,0.23828891996424434,6,0.00872093023255814,1.0572230645998872,0.0015366614311044873,Florida,2015,2025,0.008720930232558155,0.001536661431104508,95
Kevin Wilson,101,0.22004357298474944,459,97,0.2113289760348584,99.93009673677726,0.2177126290561596,4,0.008714596949891068,1.0699032632227348,0.002330943928589836,Tulsa,2015,2024,0.008714596949891046,0.002330943928589846,96
Zach Kittley,61,0.5258620689655172,116,60,0.5172413793103449,53.093265068597944,0.45770056093618916,1,0.008620689655172414,7.906734931402055,0.06816150802932806,Florida Atlantic,2025,2025,0.008620689655172376,0.06816150802932808,97
Kevin Whitley,28,0.23728813559322035,118,27,0.2288135593220339,27.132712606987518,0.2299382424320976,1,0.00847457627118644,0.8672873930124804,0.007349893161122715,Georgia Southern,2021,2021,0.008474576271186446,0.00734989316112275,98
Scot Loeffler,133,0.22504230118443316,591,128,0.21658206429780033,126.4694838797555,0.2139923585105846,5,0.008460236886632826,6.530516120244498,0.011049942673848559,Bowling Green,2019,2024,0.008460236886632833,0.011049942673848567,99
Jim Grobe,44,0.36363636363636365,121,43,0.35537190082644626,40.111346359415876,0.3314987302431064,1,0.008264462809917356,3.8886536405841277,0.03213763339325725,Baylor,2016,2016,0.008264462809917383,0.03213763339325726,100
Mike Uremovich,19,0.15702479338842976,121,18,0.1487603305785124,20.176192224941328,0.1667453902887713,1,0.008264462809917356,-1.176192224941328,-0.009720596900341553,Ball State,2025,2025,0.008264462809917356,-0.00972059690034155,101
Kenni Burns,49,0.2024793388429752,242,47,0.19421487603305784,48.452278771478426,0.2002160279813158,2,0.008264462809917356,0.5477212285215716,0.002263310861659387,Kent State,2023,2024,0.008264462809917356,0.002263310861659401,102
Jon Sumrall,82,0.22343324250681199,367,79,0.21525885558583105,77.41861596423352,0.2109499072594919,3,0.008174386920980926,4.581384035766469,0.01248333524732008,Troy,2022,2025,0.008174386920980936,0.012483335247320093,103
Joe Moorhead,117,0.1902439024390244,615,112,0.1821138211382114,119.61655484510145,0.1944984631627666,5,0.008130081300813009,-2.616554845101447,-0.00425456072374219,Akron,2018,2025,0.008130081300812997,-0.004254560723742196,104
Willie Fritz,310,0.2795311091073039,1109,301,0.27141568981064024,291.90652080488456,0.26321597908465694,9,0.008115419296663661,18.093479195115417,0.016315130022646906,Tulane,2015,2025,0.00811541929666365,0.01631513002264695,105
Steve Addazio,148,0.19812583668005354,747,142,0.19009370816599733,149.10356803208194,0.1996031700563346,6,0.008032128514056224,-1.1035680320819368,-0.00147733337628104,Boston College,2015,2021,0.008032128514056214,-0.0014773333762810592,106
Jason Candle,223,0.22367101303911735,997,215,0.2156469408224674,218.3635823772313,0.21902064431016177,8,0.00802407221664995,4.636417622768709,0.004650368728955576,Toledo,2015,2025,0.008024072216649941,0.004650368728955578,107
Jeremy Pruitt,42,0.16733067729083664,251,40,0.1593625498007968,47.17356083776959,0.18794247345724938,2,0.00796812749003984,-5.173560837769595,-0.02061179616641273,Tennessee,2018,2020,0.007968127490039834,-0.020611796166412732,108
Jeff Hafley,87,0.22538860103626943,386,84,0.21761658031088082,84.46322084270578,0.21881663430752793,3,0.007772020725388601,2.536779157294225,0.006571966728741515,Boston College,2020,2023,0.007772020725388601,0.006571966728741496,109
Bobby Petrino,77,0.19896640826873385,387,74,0.19121447028423771,77.86860049914684,0.2012108540029634,3,0.007751937984496124,-0.8686004991468307,-0.002244445734229537,Louisville,2015,2018,0.007751937984496138,-0.00224444573422955,110
Ricky Rahne,99,0.19111969111969113,518,95,0.1833976833976834,104.8781802907408,0.20246752951880465,4,0.007722007722007722,-5.878180290740803,-0.01134783839911352,Old Dominion,2021,2025,0.007722007722007734,-0.011347838399113519,111
Ryan Switzer,33,0.25,132,32,0.24242424242424243,32.29569937903081,0.24466438923508188,1,0.007575757575757576,0.7043006209691924,0.005335610764918125,Tulsa,2024,2024,0.007575757575757569,0.0053356107649181195,112
Todd Berry,28,0.20437956204379562,137,27,0.19708029197080293,26.852261146432998,0.19600190617834304,1,0.0072992700729927005,1.1477388535670034,0.00837765586545258,UL Monroe,2015,2015,0.007299270072992692,0.008377655865452582,113
Jeff Scott,84,0.3054545454545455,275,82,0.29818181818181816,80.15827192189543,0.29148462517052887,2,0.007272727272727273,3.8417280781045675,0.013969920284016609,South Florida,2020,2022,0.0072727272727273196,0.013969920284016613,114
Ryan Silverfield,152,0.27586206896551724,551,148,0.26860254083484575,141.69912612460556,0.25716719804828597,4,0.007259528130671506,10.30087387539445,0.018694870917231307,Memphis,2020,2025,0.007259528130671489,0.018694870917231265,115
Frank Maile,19,0.13768115942028986,138,18,0.13043478260869565,21.2022078117618,0.15363918704175217,1,0.007246376811594203,-2.202207811761799,-0.015958027621462312,Utah State,2018,2020,0.007246376811594207,-0.015958027621462312,116
Jake Spavital,85,0.20094562647754138,423,82,0.1938534278959811,84.75669921549078,0.20037044731794512,3,0.0070921985815602835,0.2433007845092212,0.0005751791595962676,Texas State,2019,2022,0.007092198581560294,0.0005751791595962619,117
Unknown,11197,0.21655964722265203,51704,10846,0.20977100417762648,11121.823475325566,0.2151056683298307,351,0.00678864304502553,75.176524674435,0.0014539788928213484,Nicholls,2015,2025,0.00678864304502555,0.0014539788928213393,118
Jeff Traylor,141,0.23857868020304568,591,137,0.23181049069373943,134.91732099860337,0.22828649915161314,4,0.00676818950930626,6.082679001396628,0.010292181051432535,UTSA,2020,2025,0.006768189509306244,0.010292181051432536,119
Greg Schiano,155,0.25162337662337664,616,151,0.24512987012987014,146.0428193948963,0.2370824990176888,4,0.006493506493506494,8.957180605103689,0.014540877605687806,Rutgers,2020,2025,0.006493506493506496,0.01454087760568784,120
Jay Norvell,211,0.22688172043010751,930,205,0.22043010752688172,204.1946702130928,0.21956416151945463,6,0.0064516129032258064,6.8053297869072065,0.00731755891065291,Nevada,2017,2025,0.006451612903225795,0.007317558910652888,121
Mark Hudspeth,62,0.19435736677115986,319,60,0.18808777429467086,66.47108052318622,0.20837329317613235,2,0.006269592476489028,-4.471080523186212,-0.014015926404972453,Louisiana,2015,2017,0.006269592476489005,-0.014015926404972484,122
Will Healy,104,0.31044776119402984,335,102,0.3044776119402985,98.07160256174481,0.29275105242311883,2,0.005970149253731343,5.928397438255184,0.017696708770910997,Charlotte,2019,2022,0.005970149253731349,0.017696708770911007,123
Brady Hoke,80,0.1568627450980392,510,77,0.15098039215686274,88.69109301958602,0.17390410395997258,3,0.0058823529411764705,-8.691093019586015,-0.01704135886193336,San Diego State,2017,2023,0.0058823529411764774,-0.017041358861933364,124
Stan Drayton,99,0.2836676217765043,349,97,0.27793696275071633,91.32870652794783,0.26168683818896227,2,0.0057306590257879654,7.671293472052173,0.021980783587542043,Temple,2022,2024,0.005730659025787954,0.02198078358754202,125
Shawn Clark,146,0.27703984819734345,527,143,0.2713472485768501,139.9519968620423,0.26556356140804993,3,0.0056925996204933585,6.0480031379576875,0.011476286789293525,App State,2019,2024,0.005692599620493344,0.011476286789293522,126
P.J. Fleck,158,0.17420066152149946,907,153,0.16868798235942667,175.92266269456036,0.19396103935453182,5,0.005512679162072767,-17.922662694560366,-0.019760377833032375,Minnesota,2015,2025,0.005512679162072792,-0.01976037783303236,127
David Cutcliffe,174,0.23230974632843793,749,170,0.22696929238985314,171.79628173081224,0.22936753235088417,4,0.0053404539385847796,2.2037182691877533,0.0029422139775537428,Duke,2015,2021,0.005340453938584788,0.0029422139775537592,128
Randy Edsall,126,0.2202797202797203,572,123,0.21503496503496503,125.89254090406938,0.220091854727394,3,0.005244755244755245,0.10745909593061596,0.0001878655523262517,UConn,2015,2021,0.0052447552447552614,0.00018786555232627733,129
Trent Miles,22,0.11458333333333333,192,21,0.109375,25.299787425791983,0.1317697261759999,1,0.005208333333333333,-3.2997874257919824,-0.017186392842666574,Georgia State,2015,2016,0.005208333333333329,-0.017186392842666584,130
Dino Babers,199,0.20264765784114053,982,194,0.1975560081466395,203.18977343296103,0.20691422956513345,5,0.0050916496945010185,-4.189773432961041,-0.004266571723992914,Syracuse,2015,2023,0.005091649694501016,-0.004266571723992918,131
Neal Brown,251,0.25074925074925075,1001,246,0.24575424575424576,240.9420123384425,0.2407013110274151,5,0.004995004995004995,10.057987661557505,0.010047939721835668,West Virginia,2015,2024,0.004995004995004992,0.010047939721835653,132
Mark Helfrich,54,0.26732673267326734,202,53,0.2623762376237624,52.44480350448856,0.2596277401212305,1,0.0049504950495049506,1.5551964955114363,0.007698992552036814,Oregon,2015,2016,0.004950495049504955,0.007698992552036821,133
Mario Cristobal,146,0.24052718286655683,607,143,0.2355848434925865,146.33973177179863,0.2410868727706732,3,0.004942339373970346,-0.33973177179861985,-0.0005596899041163424,Miami,2018,2025,0.004942339373970345,-0.0005596899041163672,134
Chuck Martin,172,0.1636536631779258,1051,167,0.15889628924833493,185.97263142834774,0.1769482696749265,5,0.004757373929590866,-13.97263142834775,-0.013294606497000714,Miami (OH),2015,2025,0.004757373929590858,-0.013294606497000705,135
Steve Campbell,134,0.31529411764705884,425,132,0.31058823529411766,125.8188269948689,0.2960442988114562,2,0.004705882352941176,8.181173005131107,0.019249818835602606,South Alabama,2018,2021,0.004705882352941171,0.019249818835602617,136
Jamey Chadwell,160,0.24960998439937598,641,157,0.24492979719188768,155.93624913624365,0.24327027946371862,3,0.0046801872074883,4.06375086375636,0.006339704935657348,Coastal Carolina,2017,2025,0.004680187207488307,0.006339704935657359,137
Ken Niumatalolo,279,0.3156108597285068,884,275,0.31108597285067874,262.73337866321606,0.2972097043701539,4,0.004524886877828055,16.266621336783913,0.018401155358352843,Navy,2015,2025,0.004524886877828038,0.01840115535835285,138
Jay Sawvel,48,0.21333333333333335,225,47,0.2088888888888889,49.75456908314369,0.2211314181473053,1,0.0044444444444444444,-1.7545690831436926,-0.007798084813971967,Wyoming,2024,2025,0.004444444444444445,-0.007798084813971956,139
Dana Holgorsen,194,0.21365638766519823,908,190,0.2092511013215859,201.47835287797406,0.22189245911671152,4,0.004405286343612335,-7.478352877974074,-0.008236071451513297,Houston,2015,2024,0.004405286343612341,-0.008236071451513283,140
Biff Poggi,58,0.2543859649122807,228,57,0.25,56.043135694001755,0.24580322672807786,1,0.0043859649122807015,1.9568643059982451,0.00858273818420283,Charlotte,2023,2024,0.004385964912280715,0.008582738184202854,141
Kalen DeBoer,109,0.23851203501094093,457,107,0.23413566739606126,102.80743663645367,0.22496156813228374,2,0.00437636761487965,6.192563363546331,0.013550466878657179,Alabama,2020,2025,0.004376367614879667,0.013550466878657186,142
Billy Napier,177,0.2507082152974504,706,174,0.24645892351274787,169.75051909677435,0.24043982874897218,3,0.00424929178470255,7.249480903225653,0.010268386548478262,Florida,2018,2025,0.004249291784702541,0.010268386548478226,143
Michael Desormeaux,120,0.25157232704402516,477,118,0.24737945492662475,118.64937409838471,0.2487408262020644,2,0.0041928721174004195,1.3506259016152933,0.0028315008419607826,Louisiana,2021,2025,0.004192872117400409,0.0028315008419607657,144
G.J. Kinne,78,0.3170731707317073,246,77,0.3130081300813008,71.40391166265482,0.2902598035067269,1,0.0040650406504065045,6.596088337345182,0.026813367224980414,Texas State,2023,2025,0.004065040650406526,0.0268133672249804,145
Sonny Cumbie,125,0.25303643724696356,494,123,0.24898785425101214,120.74687202348564,0.24442686644430292,2,0.004048582995951417,4.2531279765143655,0.008609570802660659,Louisiana Tech,2021,2025,0.0040485829959514275,0.008609570802660643,146
Matt Viator,124,0.24949698189134809,497,122,0.2454728370221328,122.25704333110801,0.24599002682315493,2,0.004024144869215292,1.7429566688919949,0.0035069550681931486,UL Monroe,2016,2020,0.00402414486921529,0.0035069550681931516,147
Walt Bell,63,0.23954372623574144,263,62,0.23574144486692014,60.0907998943398,0.22848212887581673,1,0.0038022813688212928,2.9092001056601977,0.011061597359924706,Massachusetts,2019,2021,0.0038022813688212975,0.011061597359924707,148
Hugh Freeze,181,0.2234567901234568,810,178,0.21975308641975308,181.18936439765167,0.22369057333043416,3,0.003703703703703704,-0.18936439765167618,-0.000233783206977378,Liberty,2015,2025,0.003703703703703709,-0.0002337832069773671,149
Sam Pittman,100,0.1841620626151013,543,98,0.18047882136279927,103.5862975883961,0.1907666622254072,2,0.003683241252302026,-3.586297588396106,-0.006604599610305905,Arkansas,2020,2025,0.0036832412523020164,-0.006604599610305906,150
Mack Brown,129,0.23713235294117646,544,127,0.23345588235294118,125.54637762884538,0.23078378240596575,2,0.003676470588235294,3.4536223711546286,0.006348570535210714,North Carolina,2019,2024,0.003676470588235281,0.006348570535210707,151
Ryan Day,131,0.23905109489051096,548,129,0.2354014598540146,132.91028041058814,0.24253700804851852,2,0.0036496350364963502,-1.9102804105881475,-0.003485913158007568,Ohio State,2018,2025,0.0036496350364963737,-0.0034859131580075586,152
Tom Herman,193,0.23337363966142685,827,190,0.22974607013301088,190.6796120951294,0.23056785017548898,3,0.0036275695284159614,2.320387904870615,0.002805789485937866,Texas,2015,2024,0.003627569528415975,0.0028057894859378762,153
Shawn Elliott,175,0.21058965102286403,831,172,0.2069795427196149,173.76125596019767,0.20909898430830046,3,0.0036101083032490976,1.238744039802325,0.0014906667145635681,Georgia State,2015,2024,0.003610108303249121,0.0014906667145635766,154
Dana Dimel,132,0.22916666666666666,576,130,0.22569444444444445,136.86198829687245,0.23760761857095913,2,0.003472222222222222,-4.861988296872465,-0.008440951904292473,UTEP,2018,2023,0.00347222222222221,-0.008440951904292476,155
Andy Avalos,42,0.14285714285714285,294,41,0.13945578231292516,45.53540901716295,0.15488234359579234,1,0.003401360544217687,-3.5354090171629493,-0.012025200738649487,Boise State,2021,2023,0.003401360544217691,-0.012025200738649489,156
Mike Riley,55,0.1864406779661017,295,54,0.18305084745762712,57.4181791283321,0.1946378953502783,1,0.003389830508474576,-2.418179128332102,-0.008197217384176617,Nebraska,2015,2017,0.0033898305084745783,-0.008197217384176614,157
Gerad Parker,82,0.27796610169491526,295,81,0.2745762711864407,79.0153756060148,0.2678487308678468,1,0.003389830508474576,2.9846243939851953,0.01011737082706846,Troy,2016,2025,0.0033898305084745783,0.010117370827068484,158
Rick Stockstill,191,0.20828789531079608,917,188,0.2050163576881134,195.70963530386635,0.2134238116727005,3,0.003271537622682661,-4.709635303866361,-0.005135916361904428,Middle Tennessee,2015,2023,0.0032715376226826742,-0.0051359163619044135,159
Geoff Collins,124,0.19776714513556617,627,122,0.19457735247208932,129.0454844045924,0.2058141697042941,2,0.003189792663476874,-5.045484404592413,-0.008047024568727931,Georgia Tech,2017,2022,0.0031897926634768536,-0.008047024568727912,160
Lance Leipold,221,0.23485653560042508,941,218,0.2316684378320935,222.0672109831939,0.2359906599183782,3,0.003188097768331562,-1.0672109831938996,-0.0011341243179531346,Buffalo,2015,2025,0.003188097768331566,-0.0011341243179531224,161
Lincoln Riley,146,0.23064770932069512,633,144,0.22748815165876776,144.14497179589543,0.22771717503301014,2,0.00315955766192733,1.855028204104572,0.0029305342876849477,Oklahoma,2017,2025,0.0031595576619273535,0.0029305342876849716,162
Clay Helton,180,0.18867924528301888,954,177,0.18553459119496854,193.02664315927063,0.20233400750447655,3,0.0031446540880503146,-13.026643159270629,-0.013654762221457683,USC,2015,2025,0.0031446540880503415,-0.013654762221457672,163
K.C. Keeler,58,0.18238993710691823,318,57,0.1792452830188679,61.63880513266252,0.19383272054296388,1,0.0031446540880503146,-3.638805132662519,-0.011442783436045656,Sam Houston,2023,2025,0.0031446540880503138,-0.011442783436045656,164
Deion Sanders,58,0.18238993710691823,318,57,0.1792452830188679,59.782770086386414,0.1879961323471271,1,0.0031446540880503146,-1.7827700863864122,-0.005606195240208844,Colorado,2023,2025,0.0031446540880503138,-0.005606195240208861,165
Mark Stoops,189,0.1924643584521385,982,186,0.1894093686354379,193.59335416900737,0.19714190852241076,3,0.003054989816700611,-4.59335416900737,-0.004677550070272271,Kentucky,2015,2025,0.003054989816700604,-0.004677550070272263,166
Mike Locksley,153,0.22904191616766467,668,151,0.22604790419161677,154.465754161482,0.23123615892437427,2,0.0029940119760479044,-1.4657541614820155,-0.002194242756709604,Maryland,2019,2025,0.0029940119760479,-0.002194242756709597,167
Sean Lewis,150,0.21770682148040638,689,148,0.21480406386066764,151.4657420360447,0.21983416841225645,2,0.002902757619738752,-1.4657420360446987,-0.0021273469318500706,Kent State,2018,2025,0.0029027576197387384,-0.0021273469318500715,168
Justin Fuente,120,0.17118402282453637,701,118,0.16833095577746077,129.12014727185064,0.18419421864743316,2,0.0028530670470756064,-9.120147271850643,-0.01301019582289678,Virginia Tech,2015,2021,0.002853067047075608,-0.01301019582289678,169
Dabo Swinney,192,0.18250950570342206,1052,189,0.1796577946768061,203.02748061903327,0.19299190172911906,3,0.0028517110266159697,-11.027480619033259,-0.010482396025697014,Clemson,2015,2025,0.002851711026615966,-0.010482396025697005,170
Blake Anderson,252,0.23573433115060805,1069,249,0.23292797006548177,252.12283135277318,0.23584923419342674,3,0.002806361085126286,-0.12283135277318309,-0.00011490304281869326,Arkansas State,2015,2024,0.0028063610851262744,-0.00011490304281869257,171
Bill Snyder,58,0.15633423180592992,371,57,0.15363881401617252,63.993954520651634,0.17249044345189118,1,0.0026954177897574125,-5.993954520651638,-0.016156211645961288,Kansas State,2015,2018,0.002695417789757404,-0.01615621164596126,172
Larry Fedora,69,0.1830238726790451,377,68,0.18037135278514588,71.3826183867653,0.1893438153495101,1,0.002652519893899204,-2.382618386765303,-0.0063199426704649946,North Carolina,2015,2018,0.0026525198938992245,-0.006319942670464984,173
Kliff Kingsbury,84,0.22163588390501318,379,83,0.21899736147757257,82.70318720835088,0.2182142142700551,1,0.002638522427440633,1.2968127916491161,0.00342166963495809,Texas Tech,2015,2018,0.002638522427440615,0.0034216696349580744,174
Jim Harbaugh,157,0.19923857868020303,788,155,0.1967005076142132,161.74813380444965,0.205264129193464,2,0.0025380710659898475,-4.7481338044496475,-0.006025550513260974,Michigan,2015,2023,0.0025380710659898276,-0.00602555051326098,175
Justin Wilcox,200,0.2247191011235955,890,198,0.22247191011235956,201.1839282640287,0.22604935760003225,2,0.0022471910112359553,-1.1839282640287108,-0.0013302564764367537,California,2017,2025,0.0022471910112359383,-0.001330256476436753,176
Jim McElwain,210,0.23255813953488372,903,208,0.23034330011074197,205.84215980347255,0.22795366534160857,2,0.0022148394241417496,4.157840196527458,0.004604474193275147,Central Michigan,2015,2024,0.0022148394241417457,0.004604474193275143,177
Luke Fickell,172,0.18474758324382384,931,170,0.18259935553168635,176.07009047482515,0.18911932381828694,2,0.0021482277121374865,-4.070090474825156,-0.004371740574463111,Cincinnati,2017,2025,0.0021482277121374904,-0.004371740574463101,178
Everett Withers,71,0.14978902953586498,474,70,0.14767932489451477,78.54355522667187,0.16570370300985626,1,0.002109704641350211,-7.543555226671876,-0.015914673473991302,Texas State,2016,2024,0.002109704641350213,-0.01591467347399128,179
Brian Kelly,188,0.19665271966527198,956,186,0.19456066945606695,191.51933293311077,0.20033403026476024,2,0.0020920502092050207,-3.5193329331107703,-0.0036813105994882534,Notre Dame,2015,2025,0.0020920502092050264,-0.003681310599488258,180
Dave Clawson,200,0.1941747572815534,1030,198,0.19223300970873786,208.31871150153637,0.20225117621508384,2,0.001941747572815534,-8.31871150153637,-0.008076418933530456,Wake Forest,2015,2024,0.0019417475728155387,-0.00807641893353045,181
Mark Dantonio,91,0.1713747645951036,531,90,0.1694915254237288,95.3678325506603,0.1796004379485128,1,0.0018832391713747645,-4.367832550660303,-0.008225673353409233,Michigan State,2015,2019,0.0018832391713747842,-0.008225673353409207,182
Doc Holliday,99,0.17615658362989323,562,98,0.17437722419928825,108.97240225902102,0.19390107163526873,1,0.0017793594306049821,-9.972402259021019,-0.017744488005375477,Marshall,2015,2020,0.0017793594306049765,-0.01774448800537551,183
Eli Drinkwitz,109,0.17329093799682035,629,108,0.17170111287758347,116.66420529447521,0.18547568409296536,1,0.001589825119236884,-7.664205294475207,-0.012184746096145003,Missouri,2019,2025,0.0015898251192368873,-0.012184746096145005,184
David Shaw,105,0.1583710407239819,663,104,0.1568627450980392,117.4158407814523,0.1770977990670472,1,0.0015082956259426848,-12.415840781452308,-0.018726758343065322,Stanford,2015,2022,0.0015082956259426794,-0.01872675834306531,185
Mike Bloomgren,155,0.23203592814371257,668,154,0.23053892215568864,156.77134933993318,0.23468764871247483,1,0.0014970059880239522,-1.7713493399331948,-0.0026517205687622675,Rice,2018,2024,0.0014970059880239361,-0.002651720568762256,186
Bryan Harsin,131,0.18607954545454544,704,130,0.1846590909090909,134.9197988369446,0.19164744152975086,1,0.0014204545454545455,-3.9197988369446066,-0.005567896075205407,Boise State,2015,2022,0.0014204545454545303,-0.005567896075205414,187
Butch Jones,141,0.16549295774647887,852,140,0.1643192488262911,157.18181922264887,0.18448570331296815,1,0.0011737089201877935,-16.181819222648866,-0.018992745566489277,Arkansas State,2015,2025,0.0011737089201877826,-0.018992745566489277,188
Kirk Ferentz,165,0.14653641207815277,1126,164,0.14564831261101244,181.928275830838,0.16157040482312435,1,0.0008880994671403197,-16.928275830838015,-0.015033992744971594,Iowa,2015,2025,0.0008880994671403297,-0.01503399274497158,189
Ron Caragher,45,0.2393617021276596,188,45,0.2393617021276596,43.887217384553864,0.23344264566252054,0,0.0,1.1127826154461364,0.0059190564651390234,San Jos√© State,2015,2016,0.0,0.005919056465139044,190
Rod Smith,12,0.21818181818181817,55,12,0.21818181818181817,12.966791631691649,0.23575984784893908,0,0.0,-0.9667916316916487,-0.017578029667120885,Illinois,2020,2020,0.0,-0.01757802966712091,191
Rod Carey,155,0.2047556142668428,757,155,0.2047556142668428,164.08823247786182,0.21676120538687163,0,0.0,-9.088232477861833,-0.012005591120028842,Northern Illinois,2015,2021,0.0,-0.01200559112002883,192
Shaun Aguano,18,0.21428571428571427,84,18,0.21428571428571427,17.889929051250075,0.21297534584821518,0,0.0,0.11007094874992455,0.0013103684374991017,Arizona State,2022,2022,0.0,0.0013103684374990987,193
Will Hall,87,0.19419642857142858,448,87,0.19419642857142858,89.1684906236673,0.19903680942782878,0,0.0,-2.1684906236673016,-0.004840380856400227,Southern Miss,2021,2024,0.0,-0.004840380856400206,194
Ron Turner,44,0.2233502538071066,197,44,0.2233502538071066,45.24073334168849,0.2296483925974035,0,0.0,-1.2407333416884911,-0.0062981387902969095,Florida International,2015,2016,0.0,-0.006298138790296892,195
Matt Canada,10,0.10526315789473684,95,10,0.10526315789473684,12.974377125870788,0.13657239079863986,0,0.0,-2.974377125870787,-0.03130923290390302,Maryland,2018,2018,0.0,-0.03130923290390303,196
Sherrone Moore,29,0.18238993710691823,159,29,0.18238993710691823,31.435730173237378,0.19770899480023507,0,0.0,-2.4357301732373777,-0.01531905769331684,Michigan,2024,2025,0.0,-0.015319057693316845,197
Willie Taggart,147,0.19215686274509805,765,147,0.19215686274509805,151.93527597831746,0.19860820389322545,0,0.0,-4.935275978317463,-0.006451341148127403,Florida Atlantic,2015,2022,0.0,-0.0064513411481273986,198
Matt Campbell,212,0.20306513409961685,1044,212,0.20306513409961685,225.10795486569202,0.21562064642307666,0,0.0,-13.107954865692019,-0.012555512323459788,Iowa State,2015,2025,0.0,-0.012555512323459805,199
Mel Tucker,96,0.19753086419753085,486,96,0.19753086419753085,100.43170741041304,0.20664960372512972,0,0.0,-4.431707410413038,-0.009118739527598844,Michigan State,2019,2023,0.0,-0.009118739527598868,200
Tim DeRuyter,52,0.21666666666666667,240,52,0.21666666666666667,52.24719481215021,0.2176966450506259,0,0.0,-0.2471948121502153,-0.0010299783839592305,Fresno State,2015,2016,0.0,-0.0010299783839592125,201
Slade Nagle,30,0.2857142857142857,105,30,0.2857142857142857,28.273339869914473,0.26926990352299496,0,0.0,1.7266601300855282,0.016444382191290744,Tulane,2023,2023,0.0,0.01644438219129074,202
Pete Alamar,21,0.2,105,21,0.2,20.814860208798468,0.19823676389331873,0,0.0,0.185139791201533,0.0017632361066812667,Rice,2024,2024,0.0,0.0017632361066812763,203
Tim Brewster,24,0.24,100,24,0.24,23.19998427135234,0.2319998427135234,0,0.0,0.8000157286476604,0.008000157286476604,Charlotte,2024,2024,0.0,0.0080001572864766,204
Todd Fitch,17,0.25,68,17,0.25,16.57492395745577,0.24374888172729073,0,0.0,0.4250760425442303,0.006251118272709269,Vanderbilt,2020,2020,0.0,0.006251118272709272,205
Todd Graham,82,0.16173570019723865,507,82,0.16173570019723865,91.6512681502906,0.18077173205185523,0,0.0,-9.651268150290603,-0.019036031854616574,Arizona State,2015,2021,0.0,-0.01903603185461658,206
Todd Monken,29,0.29591836734693877,98,29,0.29591836734693877,29.919430966029807,0.305300315979896,0,0.0,-0.9194309660298068,-0.009381948632957212,Southern Miss,2015,2015,0.0,-0.009381948632957215,207
Oscar Rodriguez,34,0.3333333333333333,102,34,0.3333333333333333,32.41642498261435,0.31780808806484656,0,0.0,1.583575017385651,0.015525245268486776,Akron,2021,2021,0.0,0.015525245268486754,208
Mike Price,20,0.17543859649122806,114,20,0.17543859649122806,20.92279788876635,0.1835333148137399,0,0.0,-0.9227978887663495,-0.008094718322511837,UTEP,2017,2017,0.0,-0.008094718322511851,209
Tim Billings,16,0.22535211267605634,71,16,0.22535211267605634,15.875203239528117,0.22359441182433967,0,0.0,0.12479676047188192,0.0017577008517166467,Southern Miss,2020,2020,0.0,0.0017577008517166703,210
Steve Spurrier,19,0.18446601941747573,103,19,0.18446601941747573,19.64839118458772,0.1907610794620167,0,0.0,-0.6483911845877209,-0.00629506004454098,South Carolina,2015,2015,0.0,-0.006295060044540973,211
Mike MacIntyre,186,0.23514538558786346,791,186,0.23514538558786346,185.30504851866877,0.23426681228655977,0,0.0,0.6949514813312254,0.0008785733013036984,Colorado,2015,2024,0.0,0.0008785733013036978,212
Pete Kaligis,22,0.28205128205128205,78,22,0.28205128205128205,21.346962632789577,0.27367900811268686,0,0.0,0.6530373672104242,0.008372273938595182,Washington State,2024,2024,0.0,0.008372273938595187,213
Reed Stringer,28,0.24561403508771928,114,28,0.24561403508771928,28.166368850139737,0.24707341096613805,0,0.0,-0.16636885013973737,-0.001459375878418749,Southern Miss,2024,2024,0.0,-0.0014593758784187671,214
Pete Lembo,72,0.2188449848024316,329,72,0.2188449848024316,74.56499972775356,0.22664133655852145,0,0.0,-2.5649997277535586,-0.0077963517560898435,Buffalo,2015,2025,0.0,-0.0077963517560898365,215
Trooper Taylor,18,0.20930232558139536,86,18,0.20930232558139536,18.063445652413847,0.2100400657257424,0,0.0,-0.06344565241384698,-0.0007377401443470578,Duke,2023,2023,0.0,-0.0007377401443470488,216
Phil Longo,34,0.288135593220339,118,34,0.288135593220339,32.466306460598275,0.2751381903440532,0,0.0,1.5336935394017244,0.012997402876285799,Sam Houston,2025,2025,0.0,0.012997402876285813,217
Philip Montgomery,161,0.19754601226993865,815,161,0.19754601226993865,168.08939174209834,0.20624465244429244,0,0.0,-7.0893917420983446,-0.008698640174353798,Tulsa,2015,2022,0.0,-0.008698640174353789,218
Tyson Summers,44,0.1981981981981982,222,44,0.1981981981981982,43.930327475053424,0.19788435799573614,0,0.0,0.06967252494657361,0.0003138402024620433,Georgia Southern,2016,2017,0.0,0.0003138402024620568,219
Randy Shannon,18,0.17142857142857143,105,18,0.17142857142857143,18.22903994988339,0.1736099042846037,0,0.0,-0.22903994988338897,-0.0021813328560322757,Florida,2017,2017,0.0,-0.002181332856032281,220
Nate Dreiling,27,0.2647058823529412,102,27,0.2647058823529412,25.41156972971365,0.24913303656582012,0,0.0,1.58843027028635,0.015572845787121078,Utah State,2024,2024,0.0,0.015572845787121065,221
Vai Taua,20,0.19607843137254902,102,20,0.19607843137254902,20.61220505113008,0.2020804416777459,0,0.0,-0.6122050511300777,-0.00600201030519684,Nevada,2021,2021,0.0,-0.00600201030519687,222
Mickey Joseph,8,0.08080808080808081,99,8,0.08080808080808081,8.925255716885603,0.09015409815035963,0,0.0,-0.925255716885603,-0.009346017342278818,Nebraska,2022,2022,0.0,-0.009346017342278815,223
Odell Haggins,25,0.12195121951219512,205,25,0.12195121951219512,28.99188051751454,0.14142380740250995,0,0.0,-3.99188051751454,-0.019472587890314832,Florida State,2017,2019,0.0,-0.019472587890314835,224
Al Golden,15,0.13274336283185842,113,15,0.13274336283185842,17.62780110482221,0.15599823986568329,0,0.0,-2.6278011048222116,-0.02325487703382488,Miami,2015,2015,0.0,-0.023254877033824867,225
Doug Martin,130,0.18786127167630057,692,130,0.18786127167630057,136.28406019234026,0.19694228351494258,0,0.0,-6.28406019234026,-0.009081011838641994,New Mexico State,2015,2021,0.0,-0.009081011838642017,226
Colin Johnson,27,0.25471698113207547,106,27,0.25471698113207547,26.74234917974787,0.25228631301648935,0,0.0,0.25765082025213,0.002430668115586132,Ball State,2024,2024,0.0,0.002430668115586121,227
Curtis Johnson,16,0.14545454545454545,110,16,0.14545454545454545,15.052637186393119,0.13684215623993745,0,0.0,0.947362813606881,0.00861238921460801,Tulane,2015,2015,0.0,0.008612389214607996,228
Damian Wroblewski,15,0.1595744680851064,94,15,0.1595744680851064,15.773309909744803,0.1678011692526043,0,0.0,-0.773309909744803,-0.008226701167497904,James Madison,2023,2023,0.0,-0.008226701167497907,229
Dan McCarney,26,0.21487603305785125,121,26,0.21487603305785125,25.257526784131834,0.20873989077794905,0,0.0,0.7424732158681655,0.006136142279902194,North Texas,2015,2015,0.0,0.006136142279902196,230
Daniel Da Prato,30,0.32608695652173914,92,30,0.32608695652173914,28.68580042706876,0.31180217855509523,0,0.0,1.3141995729312406,0.01428477796664392,South Florida,2022,2022,0.0,0.014284777966643902,231
Darrell Hazell,76,0.3140495867768595,242,76,0.3140495867768595,72.10621287079516,0.29795955731733537,0,0.0,3.8937871292048354,0.016090029459524112,Purdue,2015,2016,0.0,0.016090029459524147,232
David Blackwell,24,0.17777777777777778,135,24,0.17777777777777778,24.218427164333,0.17939575677283703,0,0.0,-0.2184271643329999,-0.0016179789950592587,East Carolina,2018,2018,0.0,-0.0016179789950592494,233
Deshaun Foster,46,0.25274725274725274,182,46,0.25274725274725274,46.52071126877445,0.25560830367458487,0,0.0,-0.5207112687744462,-0.0028610509273321216,UCLA,2024,2025,0.0,-0.0028610509273321316,234
Donte Williams,15,0.16666666666666666,90,15,0.16666666666666666,15.626402253465265,0.17362669170516962,0,0.0,-0.6264022534652645,-0.006960025038502939,USC,2021,2021,0.0,-0.006960025038502959,235
Manny Diaz,109,0.2202020202020202,495,109,0.2202020202020202,109.86816047790528,0.221955879753344,0,0.0,-0.8681604779052841,-0.0017538595513238062,Miami,2019,2025,0.0,-0.0017538595513237887,236
Eric Kiesau,23,0.18110236220472442,127,23,0.18110236220472442,24.418000248915387,0.19226771849539676,0,0.0,-1.4180002489153871,-0.01116535629067234,Fresno State,2016,2016,0.0,-0.011165356290672335,237
Frank Beamer,13,0.11206896551724138,116,13,0.11206896551724138,17.06539129979841,0.14711544223964146,0,0.0,-4.06539129979841,-0.035046476722400084,Virginia Tech,2015,2015,0.0,-0.03504647672240008,238
Freddie Kitchens,27,0.2727272727272727,99,27,0.2727272727272727,25.99708535530554,0.26259682177076304,0,0.0,1.0029146446944597,0.010130450956509694,North Carolina,2024,2024,0.0,0.010130450956509662,239
Gary Pinkel,18,0.14754098360655737,122,18,0.14754098360655737,19.81235913583668,0.16239638635931705,0,0.0,-1.8123591358366777,-0.014855402752759653,Missouri,2015,2015,0.0,-0.014855402752759678,240
George O'Leary,19,0.16666666666666666,114,19,0.16666666666666666,20.077576784917206,0.1761190946045369,0,0.0,-1.0775767849172047,-0.009452427937870217,UCF,2015,2015,0.0,-0.00945242793787024,241
Greg Knox,71,0.24067796610169492,295,71,0.24067796610169492,71.25637626440175,0.24154703818441273,0,0.0,-0.2563762644017483,-0.0008690720827177909,Mississippi State,2017,2023,0.0,-0.0008690720827178033,242
Harlon Barnett,18,0.15517241379310345,116,18,0.15517241379310345,19.324896199519326,0.16659393275447695,0,0.0,-1.3248961995193271,-0.01142151896137351,Michigan State,2023,2023,0.0,-0.0114215189613735,243
J.C. Price,16,0.16842105263157894,95,16,0.16842105263157894,17.01429360143496,0.1790978273835259,0,0.0,-1.0142936014349617,-0.010676774751946965,Virginia Tech,2021,2021,0.0,-0.01067677475194695,244
James Franklin,226,0.22309970384995065,1013,226,0.22309970384995065,228.77448804340244,0.22583858641994317,0,0.0,-2.774488043402453,-0.00273888256999255,Penn State,2015,2025,0.0,-0.0027388825699925234,245
Jay Hopson,102,0.2138364779874214,477,102,0.2138364779874214,102.72659420692159,0.21535973628285449,0,0.0,-0.7265942069215826,-0.0015232582954330873,Southern Miss,2016,2020,0.0,-0.0015232582954330942,246
Cory Hall,13,0.13541666666666666,96,13,0.13541666666666666,15.585453471205971,0.16234847365839553,0,0.0,-2.585453471205971,-0.026931806991728865,Oregon State,2017,2017,0.0,-0.02693180699172887,247
Chris Woods,14,0.12844036697247707,109,14,0.12844036697247707,15.602858778551296,0.14314549338120455,0,0.0,-1.6028587785512955,-0.014705126408727481,Texas State,2018,2018,0.0,-0.014705126408727481,248
Jeff Brohm,185,0.18781725888324874,985,185,0.18781725888324874,198.17816605247958,0.20119610766749196,0,0.0,-13.178166052479591,-0.01337884878424324,Purdue,2015,2025,0.0,-0.013378848784243225,249
Chris Petersen,84,0.19399538106235567,433,84,0.19399538106235567,90.01716624702964,0.2078918389076897,0,0.0,-6.017166247029637,-0.013896457845334035,Washington,2015,2019,0.0,-0.013896457845334026,250
Barry Lunney Jr.,20,0.19047619047619047,105,20,0.19047619047619047,20.305869822459236,0.19338923640437367,0,0.0,-0.3058698224592361,-0.002913045928183201,Arkansas,2019,2019,0.0,-0.0029130459281832,251
Bill Belichick,17,0.16666666666666666,102,17,0.16666666666666666,20.403090580924992,0.20003029981299011,0,0.0,-3.4030905809249923,-0.03336363314632346,North Carolina,2025,2025,0.0,-0.03336363314632346,252
Bill Clark,59,0.1372093023255814,430,59,0.1372093023255814,64.60394214915442,0.1502417259282661,0,0.0,-5.6039421491544275,-0.013032423602684714,UAB,2017,2021,0.0,-0.013032423602684695,253
Bill Cubit,25,0.19230769230769232,130,25,0.19230769230769232,26.5449041721199,0.20419157055476847,0,0.0,-1.5449041721199006,-0.011883878247076159,Illinois,2015,2015,0.0,-0.011883878247076152,254
Bob Chesney,43,0.22631578947368422,190,43,0.22631578947368422,44.054923751387044,0.23186801974414234,0,0.0,-1.0549237513870426,-0.0055522302704581195,James Madison,2024,2025,0.0,-0.0055522302704581195,255
Bob Davie,88,0.18106995884773663,486,88,0.18106995884773663,96.67917941081951,0.1989283526971595,0,0.0,-8.679179410819522,-0.017858393849422883,New Mexico,2015,2019,0.0,-0.017858393849422866,256
Bob Gregory,26,0.27956989247311825,93,26,0.27956989247311825,25.691367349623867,0.2762512618239126,0,0.0,0.3086326503761315,0.003318630649205715,Washington,2021,2021,0.0,0.0033186306492056783,257
Brad Cornelsen,20,0.18181818181818182,110,20,0.18181818181818182,21.382124321693517,0.19438294837903197,0,0.0,-1.3821243216935166,-0.01256476656085015,Sam Houston,2024,2024,0.0,-0.012564766560850149,258
Brad Davis,26,0.23214285714285715,112,26,0.23214285714285715,27.18992253164032,0.2427671654610743,0,0.0,-1.1899225316403201,-0.010624308318217144,LSU,2021,2021,0.0,-0.010624308318217146,259
Brad Lambert,91,0.19157894736842104,475,91,0.19157894736842104,94.2238412390604,0.19836598155591664,0,0.0,-3.223841239060412,-0.006787034187495604,Charlotte,2015,2018,0.0,-0.0067870341874956,260
Brandon Hall,24,0.22641509433962265,106,24,0.22641509433962265,23.869012673487713,0.2251793648442237,0,0.0,0.13098732651228595,0.001235729495398924,Troy,2021,2021,0.0,0.001235729495398935,261
Brent Pry,81,0.19148936170212766,423,81,0.19148936170212766,89.09313359319724,0.21062206523214477,0,0.0,-8.093133593197239,-0.019132703530017114,Virginia Tech,2022,2025,0.0,-0.019132703530017114,262
Brent Venables,76,0.1958762886597938,388,76,0.1958762886597938,77.56485449895307,0.1999094188117347,0,0.0,-1.5648544989530684,-0.004033130151940898,Oklahoma,2022,2025,0.0,-0.0040331301519409,263
Brian Bohannon,18,0.1487603305785124,121,18,0.1487603305785124,18.134199264264264,0.1498694154071427,0,0.0,-0.13419926426426362,-0.0011090848286302779,Kennesaw State,2024,2024,0.0,-0.0011090848286302857,264
Cadillac Williams,23,0.2,115,23,0.2,23.58417942150939,0.20507982105660338,0,0.0,-0.584179421509389,-0.0050798210566033826,Auburn,2022,2022,0.0,-0.005079821056603373,265
Carl Pelini,18,0.16666666666666666,108,18,0.16666666666666666,17.70131072645029,0.1639010252449101,0,0.0,0.2986892735497077,0.002765641421756553,Bowling Green,2018,2018,0.0,0.0027656414217565595,266
Chad Scott,38,0.4367816091954023,87,38,0.4367816091954023,35.03973098472424,0.4027555285600487,0,0.0,2.960269015275766,0.03402608063535363,West Virginia,2024,2024,0.0,0.03402608063535362,267
Chad Staggs,23,0.24468085106382978,94,23,0.24468085106382978,22.61927725406278,0.24063060908577424,0,0.0,0.38072274593722116,0.004050241978055544,Coastal Carolina,2022,2022,0.0,0.004050241978055535,268
Chandler Burks,18,0.1487603305785124,121,18,0.1487603305785124,18.134199264264264,0.1498694154071427,0,0.0,-0.13419926426426362,-0.0011090848286302779,Kennesaw State,2024,2024,0.0,-0.0011090848286302857,269
Jeff Banks,12,0.10526315789473684,114,12,0.10526315789473684,14.115193458792588,0.12381748648063673,0,0.0,-2.115193458792587,-0.018554328585899886,Texas A&M,2017,2017,0.0,-0.018554328585899893,270
Kefense Hynson,27,0.34177215189873417,79,27,0.34177215189873417,24.908955869348613,0.3153032388525141,0,0.0,2.0910441306513876,0.026468913046220097,Oregon State,2023,2023,0.0,0.026468913046220066,271
Alex Golesh,91,0.284375,320,91,0.284375,86.8744670716399,0.27148270959887466,0,0.0,4.125532928360102,0.01289229040112532,South Florida,2023,2025,0.0,0.012892290401125328,272
Jess Simpson,21,0.21428571428571427,98,21,0.21428571428571427,21.250362640965424,0.21684043511189208,0,0.0,-0.2503626409654238,-0.002554720826177794,Miami,2021,2021,0.0,-0.002554720826177803,273
Kirby Smart,126,0.15730337078651685,801,126,0.15730337078651685,147.35778093809455,0.18396726708875724,0,0.0,-21.35778093809456,-0.0266638963022404,Georgia,2016,2025,0.0,-0.026663896302240392,274
Lance Taylor,98,0.3052959501557632,321,98,0.3052959501557632,93.01336242858177,0.28976125367159433,0,0.0,4.986637571418222,0.015534696484168916,Western Michigan,2023,2025,0.0,0.015534696484168886,275
Kevin Steele,6,0.10344827586206896,58,6,0.10344827586206896,7.336054578735934,0.12648369963337816,0,0.0,-1.3360545787359341,-0.02303542377130921,Auburn,2020,2020,0.0,-0.023035423771309196,276
Kerry Coombs,18,0.17307692307692307,104,18,0.17307692307692307,19.018099637664776,0.1828663426698536,0,0.0,-1.0180996376647766,-0.009789419592930544,Cincinnati,2022,2022,0.0,-0.009789419592930532,277
Josh Aldridge,25,0.23148148148148148,108,25,0.23148148148148148,24.497466897981333,0.22682839720353087,0,0.0,0.5025331020186683,0.004653084277950632,Liberty,2022,2022,0.0,0.004653084277950609,278
Jimbo Fisher,88,0.11267605633802817,781,88,0.11267605633802817,110.20445041011293,0.14110685071717405,0,0.0,-22.204450410112926,-0.028430794379145873,Texas A&M,2015,2023,0.0,-0.028430794379145877,279
Lee Marks,15,0.15151515151515152,99,15,0.15151515151515152,15.712531369279166,0.15871243807352692,0,0.0,-0.7125313692791664,-0.007197286558375418,Fresno State,2021,2021,0.0,-0.007197286558375399,280
Lou Spanos,29,0.2196969696969697,132,29,0.2196969696969697,28.47751461081912,0.21573874705166002,0,0.0,0.5224853891808785,0.003958222645309686,UConn,2021,2021,0.0,0.003958222645309678,281
Jim Leonhard,12,0.13953488372093023,86,12,0.13953488372093023,11.969514631836256,0.13918040269577042,0,0.0,0.03048536816374306,0.00035448102515980303,Wisconsin,2022,2022,0.0,0.0003544810251598085,282
Jim Leavitt,24,0.26666666666666666,90,24,0.26666666666666666,23.316250920940202,0.25906945467711334,0,0.0,0.683749079059799,0.007597211989553322,SMU,2021,2021,0.0,0.007597211989553321,283
Jimmy Lake,31,0.256198347107438,121,31,0.256198347107438,31.534561033005673,0.2606162068843444,0,0.0,-0.5345610330056721,-0.004417859776906382,Washington,2020,2021,0.0,-0.0044178597769063965,284
Jerry Mack,20,0.19607843137254902,102,20,0.19607843137254902,22.83892162379802,0.22391099631174527,0,0.0,-2.838921623798017,-0.027832564939196242,Kennesaw State,2025,2025,0.0,-0.027832564939196253,285
Jerry Kill,64,0.16580310880829016,386,64,0.16580310880829016,67.52268001166809,0.17492922282815565,0,0.0,-3.5226800116680907,-0.00912611401986552,New Mexico State,2015,2023,0.0,-0.009126114019865489,286
Derek Mason,164,0.2,820,165,0.20121951219512196,173.01127508514298,0.21098935985993048,-1,-0.0012195121951219512,-9.01127508514299,-0.010989359859930476,Vanderbilt,2015,2025,-0.0012195121951219523,-0.010989359859930464,287
Tony Sanchez,154,0.2,770,155,0.2012987012987013,161.4935772155882,0.20973191846180286,-1,-0.0012987012987012987,-7.493577215588188,-0.009731918461802842,UNLV,2015,2025,-0.0012987012987012991,-0.009731918461802852,288
Chad Lunsford,132,0.2112,625,133,0.2128,136.49227892211115,0.21838764627537785,-1,-0.0016,-4.492278922111149,-0.007187646275377838,Georgia Southern,2017,2024,-0.0015999999999999903,-0.007187646275377851,289
Charlie Strong,83,0.15145985401459855,548,84,0.15328467153284672,91.92392777791886,0.1677443937553264,-1,-0.0018248175182481751,-8.923927777918868,-0.01628453974072786,South Florida,2015,2019,-0.001824817518248173,-0.016284539740727855,290
Charles Huff,94,0.17836812144212524,527,95,0.18026565464895636,102.1247696091858,0.1937851415734076,-1,-0.0018975332068311196,-8.124769609185808,-0.015417020131282369,Marshall,2021,2025,-0.0018975332068311146,-0.01541702013128235,291
Will Muschamp,106,0.20948616600790515,506,107,0.21146245059288538,111.88552439109071,0.22111763713654292,-1,-0.001976284584980237,-5.885524391090717,-0.011631471128637782,South Carolina,2016,2020,-0.0019762845849802257,-0.011631471128637771,292
Rocky Long,69,0.13745019920318724,502,70,0.1394422310756972,79.02926444395538,0.15742881363337727,-1,-0.00199203187250996,-10.029264443955382,-0.019978614430190004,San Diego State,2015,2019,-0.0019920318725099584,-0.019978614430190028,293
Major Applewhite,127,0.26078028747433263,487,128,0.26283367556468173,125.30106901461893,0.25729172282262613,-1,-0.002053388090349076,1.6989309853810657,0.0034885646517065004,Houston,2016,2025,-0.0020533880903491064,0.003488564651706494,294
Kyle Whittingham,219,0.2290794979079498,956,221,0.23117154811715482,225.42346636657334,0.23579860498595537,-2,-0.0020920502092050207,-6.423466366573332,-0.006719107078005577,Utah,2015,2025,-0.0020920502092050264,-0.006719107078005576,295
Frank Solich,63,0.1337579617834395,471,64,0.13588110403397027,78.12893944359769,0.16587885232186345,-1,-0.0021231422505307855,-15.128939443597694,-0.03212089053842398,Ohio,2015,2020,-0.002123142250530785,-0.03212089053842396,296
Mike Neu,186,0.20758928571428573,896,188,0.20982142857142858,201.5427855534253,0.22493614459087644,-2,-0.002232142857142857,-15.542785553425281,-0.017346858876590716,Ball State,2016,2024,-0.002232142857142849,-0.01734685887659071,297
Maurice Linguist,124,0.27740492170022374,447,125,0.2796420581655481,118.93570420032889,0.26607540089559034,-1,-0.0022371364653243847,5.06429579967112,0.011329520804633378,Buffalo,2021,2024,-0.002237136465324363,0.011329520804633397,298
John Bonamego,51,0.1175115207373272,434,52,0.11981566820276497,58.07227691351643,0.13380708966248026,-1,-0.002304147465437788,-7.072276913516433,-0.016295568925153072,Central Michigan,2015,2018,-0.002304147465437778,-0.01629556892515306,299
Herm Edwards,68,0.18528610354223432,367,69,0.1880108991825613,74.6850894814051,0.20350160621636268,-1,-0.0027247956403269754,-6.6850894814050985,-0.018215502674128334,Arizona State,2018,2022,-0.002724795640326988,-0.01821550267412836,300
Mike Elko,78,0.2222222222222222,351,79,0.22507122507122507,79.7801197639986,0.2272937885014205,-1,-0.002849002849002849,-1.7801197639985922,-0.005071566279198268,Texas A&M,2022,2025,-0.0028490028490028574,-0.005071566279198303,301
Jim Mora,107,0.1544011544011544,693,109,0.15728715728715728,120.06910675962884,0.17325989431403874,-2,-0.002886002886002886,-13.069106759628832,-0.01885873991288432,UConn,2015,2025,-0.002886002886002881,-0.018858739912884337,302
Chris Creighton,217,0.20925747348119575,1037,220,0.21215043394406943,226.73884834617425,0.21864884122099734,-3,-0.0028929604628736743,-9.738848346174265,-0.009391367739801607,Eastern Michigan,2015,2025,-0.002892960462873684,-0.009391367739801593,303
Matt Wells,138,0.19971056439942114,691,140,0.20260492040520983,147.85361375880944,0.21397049748018732,-2,-0.002894356005788712,-9.853613758809434,-0.014259933080766186,Utah State,2015,2021,-0.0028943560057886897,-0.014259933080766174,304
Paul Haynes,55,0.16224188790560473,339,56,0.16519174041297935,60.55437620880682,0.1786264784920555,-1,-0.0029498525073746312,-5.55437620880682,-0.0163845905864508,Kent State,2015,2017,-0.0029498525073746173,-0.01638459058645078,305
Paul Chryst,90,0.14263074484944532,631,92,0.14580031695721077,107.47790112324657,0.1703294788007077,-2,-0.003169572107765452,-17.477901123246564,-0.027698733951262385,Wisconsin,2015,2022,-0.003169572107765445,-0.027698733951262378,306
Skip Holtz,106,0.1696,625,108,0.1728,115.76705264874643,0.18522728423799428,-2,-0.0032,-9.767052648746427,-0.015627284237994282,Louisiana Tech,2015,2021,-0.0032000000000000084,-0.015627284237994282,307
Tim Beck,62,0.21379310344827587,290,63,0.21724137931034482,64.06815122151777,0.22092465938454403,-1,-0.0034482758620689655,-2.0681512215177653,-0.007131555936268156,Coastal Carolina,2023,2025,-0.0034482758620689447,-0.007131555936268158,308
Tim Lester,131,0.23518850987432674,557,133,0.23877917414721722,134.36731585750186,0.24123396024686153,-2,-0.003590664272890485,-3.3673158575018545,-0.006045450372534748,Western Michigan,2017,2022,-0.0035906642728904814,-0.0060454503725347886,309
Tom Allen,174,0.20938628158844766,831,177,0.21299638989169675,181.86235560675922,0.21884760000813383,-3,-0.0036101083032490976,-7.862355606759213,-0.009461318419686176,Indiana,2016,2023,-0.0036101083032490933,-0.009461318419686171,310
Terry Bowden,128,0.16601815823605706,771,131,0.16990920881971466,141.14541313077459,0.18306798071436392,-3,-0.0038910505836575876,-13.145413130774598,-0.017049822478306872,Akron,2015,2023,-0.0038910505836576015,-0.01704982247830686,311
Ken Wilson,52,0.20883534136546184,249,53,0.21285140562248997,54.63628518402135,0.21942283206434277,-1,-0.004016064257028112,-2.636285184021343,-0.010587490698880896,Nevada,2022,2023,-0.004016064257028135,-0.01058749069888093,312
Tim Albin,85,0.17525773195876287,485,87,0.17938144329896907,94.49946083168287,0.19484424913749046,-2,-0.004123711340206186,-9.499460831682864,-0.019586517178727555,Ohio,2021,2025,-0.004123711340206199,-0.019586517178727586,313
Josh Heupel,177,0.25177809388335703,703,180,0.25604551920341395,173.9353058259191,0.2474186427111225,-3,-0.004267425320056899,3.064694174080887,0.004359451172234547,Tennessee,2018,2025,-0.004267425320056917,0.004359451172234546,314
Gary Andersen,66,0.14163090128755365,466,68,0.1459227467811159,77.14294150474464,0.16554279292863658,-2,-0.004291845493562232,-11.142941504744648,-0.023911891641082938,Oregon State,2015,2020,-0.004291845493562235,-0.023911891641082927,315
Bob Diaco,42,0.18421052631578946,228,43,0.18859649122807018,47.69164108160938,0.2091738643930236,-1,-0.0043859649122807015,-5.691641081609379,-0.02496333807723412,UConn,2015,2016,-0.004385964912280715,-0.024963338077234137,316
Mike Gundy,189,0.16593503072870938,1139,194,0.17032484635645304,218.3721665825637,0.1917227099056749,-5,-0.004389815627743635,-29.372166582563686,-0.025787679176965485,Oklahoma State,2015,2025,-0.004389815627743654,-0.025787679176965506,317
Pat Narduzzi,203,0.18141197497765862,1119,208,0.18588025022341376,215.61650275066341,0.1926867763634168,-5,-0.004468275245755138,-12.616502750663424,-0.011274801385758197,Pittsburgh,2015,2025,-0.004468275245755132,-0.011274801385758176,318
Zach Arnett,53,0.24882629107981222,213,54,0.2535211267605634,52.179273881576556,0.2449731168149134,-1,-0.004694835680751174,0.8207261184234467,0.003853174264898811,Mississippi State,2022,2023,-0.004694835680751158,0.003853174264898812,319
Bronco Mendenhall,166,0.19714964370546317,842,170,0.20190023752969122,177.2670079034299,0.21053088824635383,-4,-0.004750593824228029,-11.267007903429914,-0.013381244540890633,Virginia,2015,2025,-0.004750593824228044,-0.013381244540890652,320
Craig Bohl,122,0.1450653983353151,841,126,0.14982164090368608,148.51603958300842,0.17659457738764378,-4,-0.0047562425683709865,-26.516039583008432,-0.031529179052328694,Wyoming,2015,2023,-0.004756242568370983,-0.03152917905232869,321
Mike Houston,127,0.20684039087947884,614,130,0.21172638436482086,133.44856692654207,0.21734294287710434,-3,-0.004885993485342019,-6.448566926542058,-0.010502551997625502,East Carolina,2019,2024,-0.004885993485342022,-0.010502551997625509,322
Nunzio Campanile,32,0.1568627450980392,204,33,0.16176470588235295,34.27148151868241,0.16799745842491376,-1,-0.004901960784313725,-2.271481518682408,-0.011134713326874551,Rutgers,2019,2023,-0.004901960784313736,-0.011134713326874546,323
Tommy Tuberville,27,0.140625,192,28,0.14583333333333334,31.12469325113614,0.1621077773496674,-1,-0.005208333333333333,-4.124693251136142,-0.021482777349667404,Cincinnati,2015,2016,-0.005208333333333343,-0.021482777349667387,324
Chad Morris,89,0.16824196597353497,529,92,0.17391304347826086,97.61798424889948,0.18453305151020694,-3,-0.005671077504725898,-8.617984248899475,-0.016291085536671975,SMU,2015,2019,-0.0056710775047258966,-0.016291085536671968,325
Brian Polian,32,0.18497109826589594,173,33,0.1907514450867052,35.58582162745576,0.20569839091014888,-1,-0.005780346820809248,-3.585821627455754,-0.020727292644252913,Nevada,2015,2016,-0.005780346820809246,-0.020727292644252937,326
David Beaty,89,0.18237704918032788,488,92,0.1885245901639344,96.29467735732085,0.1973251585191001,-3,-0.006147540983606557,-7.294677357320852,-0.014948109338772237,Kansas,2015,2018,-0.0061475409836065364,-0.01494810933877222,327
Jeff Tedford,66,0.13865546218487396,476,69,0.14495798319327732,81.68894562573803,0.1716154319868446,-3,-0.0063025210084033615,-15.68894562573803,-0.032959969801970655,Fresno State,2017,2023,-0.006302521008403367,-0.032959969801970634,328
Matt Luke,56,0.18064516129032257,310,58,0.1870967741935484,63.896886092080926,0.20611898739380943,-2,-0.0064516129032258064,-7.896886092080925,-0.025473826103486856,Ole Miss,2017,2019,-0.006451612903225823,-0.025473826103486863,329
David Braun,56,0.18791946308724833,298,58,0.19463087248322147,59.42898192642169,0.19942611384705267,-2,-0.006711409395973154,-3.428981926421688,-0.011506650759804322,Northwestern,2023,2025,-0.006711409395973145,-0.011506650759804338,330
Sean Kugler,53,0.18213058419243985,291,55,0.18900343642611683,57.05938484879453,0.19608036030513584,-2,-0.006872852233676976,-4.059384848794529,-0.013949776112695978,UTEP,2015,2017,-0.006872852233676979,-0.013949776112695988,331
Kevin Sumlin,88,0.15770609318996415,558,92,0.16487455197132617,103.45244994062828,0.18539865580757758,-4,-0.007168458781362007,-15.452449940628282,-0.02769256261761341,Texas A&M,2015,2020,-0.007168458781362019,-0.027692562617613437,332
Barry Odom,123,0.18141592920353983,678,128,0.1887905604719764,137.1717923461961,0.2023182777967494,-5,-0.007374631268436578,-14.171792346196089,-0.02090234859320957,Missouri,2016,2025,-0.007374631268436571,-0.02090234859320958,333
Danny Gonzales,57,0.14615384615384616,390,60,0.15384615384615385,68.58583211018225,0.1758611079748263,-3,-0.007692307692307693,-11.585832110182254,-0.02970726182098014,New Mexico,2020,2023,-0.007692307692307693,-0.02970726182098013,334
Gus Malzahn,165,0.18232044198895028,905,172,0.19005524861878453,186.6782278031874,0.20627428486540045,-7,-0.0077348066298342545,-21.678227803187422,-0.02395384287645019,Auburn,2015,2024,-0.007734806629834251,-0.023953842876450165,335
Bob Stoops,42,0.17142857142857143,245,44,0.17959183673469387,46.60946291604924,0.1902427057797928,-2,-0.00816326530612245,-4.609462916049235,-0.018814134351221368,Oklahoma,2015,2021,-0.008163265306122436,-0.018814134351221368,336
Chris Ash,63,0.1323529411764706,476,67,0.1407563025210084,77.10498488397812,0.16198526236129857,-4,-0.008403361344537815,-14.10498488397812,-0.029632321184827982,Rutgers,2016,2019,-0.008403361344537813,-0.029632321184827976,337
Dowell Loggains,32,0.27586206896551724,116,33,0.28448275862068967,31.254702879766068,0.26943709379108677,-1,-0.008620689655172414,0.7452971202339335,0.006424975174430461,App State,2025,2025,-0.008620689655172431,0.0064249751744304695,338
Eddie George,21,0.18584070796460178,113,22,0.19469026548672566,23.97017746041302,0.21212546425144266,-1,-0.008849557522123894,-2.970177460413018,-0.026284756286840866,Bowling Green,2025,2025,-0.00884955752212388,-0.026284756286840877,339
Paul Rhoads,29,0.25892857142857145,112,30,0.26785714285714285,29.625197591973222,0.2645106927854752,-1,-0.008928571428571428,-0.625197591973221,-0.005582121356903759,Iowa State,2015,2015,-0.008928571428571397,-0.005582121356903724,340
Don Brown,64,0.19393939393939394,330,67,0.20303030303030303,71.68869612090613,0.21723847309365493,-3,-0.00909090909090909,-7.688696120906136,-0.023299079154261017,Massachusetts,2022,2024,-0.009090909090909094,-0.023299079154260993,341
Tracy Claeys,26,0.11981566820276497,217,28,0.12903225806451613,32.21809750659795,0.14847049542211035,-2,-0.009216589861751152,-6.218097506597948,-0.028654827219345383,Minnesota,2015,2016,-0.009216589861751154,-0.028654827219345383,342
Chris Naeole,21,0.19811320754716982,106,22,0.20754716981132076,21.67342145476732,0.20446624013931433,-1,-0.009433962264150943,-0.6734214547673176,-0.006353032592144506,Hawai'i,2015,2015,-0.009433962264150941,-0.0063530325921445086,343
Norm Chow,21,0.19811320754716982,106,22,0.20754716981132076,21.67342145476732,0.20446624013931433,-1,-0.009433962264150943,-0.6734214547673176,-0.006353032592144506,Hawai'i,2015,2015,-0.009433962264150941,-0.0063530325921445086,344
Brent Brennan,145,0.17406962785114047,833,153,0.1836734693877551,166.23268361712346,0.1995590439581314,-8,-0.009603841536614645,-21.232683617123445,-0.02548941610699093,San Jos√© State,2017,2025,-0.009603841536614643,-0.02548941610699093,345
Ryan Walters,44,0.21153846153846154,208,46,0.22115384615384615,45.94903892781367,0.22090884099910418,-2,-0.009615384615384616,-1.9490389278136697,-0.009370379460642644,Purdue,2023,2024,-0.009615384615384609,-0.009370379460642647,346
Ed Foley,23,0.22115384615384615,104,24,0.23076923076923078,24.25530113315256,0.23322404935723615,-1,-0.009615384615384616,-1.255301133152561,-0.01207020320339001,Temple,2018,2018,-0.009615384615384637,-0.01207020320339,347
Larry Coker,14,0.13725490196078433,102,15,0.14705882352941177,15.753433114797863,0.1544454226940967,-1,-0.00980392156862745,-1.7534331147978637,-0.017190520733312387,UTSA,2015,2015,-0.009803921568627444,-0.01719052073331237,348
Shane Montgomery,23,0.22549019607843138,102,24,0.23529411764705882,24.899910637530432,0.2441167709561807,-1,-0.00980392156862745,-1.8999106375304315,-0.018626574877749328,Massachusetts,2024,2024,-0.009803921568627444,-0.018626574877749325,349
Jeff Lebby,63,0.3103448275862069,203,65,0.32019704433497537,59.024269600977284,0.2907599487732871,-2,-0.009852216748768473,3.975730399022714,0.019584878812919773,Mississippi State,2024,2025,-0.009852216748768461,0.019584878812919815,350
Kyle Flood,20,0.19801980198019803,101,21,0.2079207920792079,20.911928024753184,0.20704879232428894,-1,-0.009900990099009901,-0.9119280247531835,-0.009028990344090925,Rutgers,2015,2015,-0.009900990099009882,-0.00902899034409091,351
Ruffin McNeill,17,0.17,100,18,0.18,19.35035460052304,0.1935035460052304,-1,-0.01,-2.35035460052304,-0.0235035460052304,East Carolina,2015,2015,-0.009999999999999981,-0.023503546005230386,352
Phil Bennett,22,0.2222222222222222,99,23,0.23232323232323232,22.46165096792101,0.22688536331233344,-1,-0.010101010101010102,-0.46165096792100835,-0.004663141090111195,North Texas,2022,2022,-0.01010101010101011,-0.004663141090111234,353
Tim Skipper,18,0.1956521739130435,92,19,0.20652173913043478,18.807009302271695,0.20442401415512712,-1,-0.010869565217391304,-0.8070093022716943,-0.008771840242083634,Fresno State,2024,2024,-0.010869565217391297,-0.008771840242083634,354
Ed Orgeron,74,0.13857677902621723,534,80,0.149812734082397,90.2930297042021,0.16908807060712003,-6,-0.011235955056179775,-16.293029704202098,-0.030511291580902804,LSU,2016,2021,-0.011235955056179775,-0.030511291580902794,355
Tom Arth,63,0.245136186770428,257,66,0.25680933852140075,64.30049067728406,0.2501964617793154,-3,-0.011673151750972763,-1.300490677284055,-0.005060275008887374,Akron,2019,2021,-0.011673151750972749,-0.0050602750088874215,356
Joe Moglia,16,0.19047619047619047,84,17,0.20238095238095238,17.798009759088416,0.21188106856057637,-1,-0.011904761904761904,-1.798009759088417,-0.021404878084385917,Coastal Carolina,2018,2018,-0.011904761904761918,-0.021404878084385903,357
Karl Dorrell,52,0.20717131474103587,251,55,0.21912350597609562,56.51439677112626,0.22515695924751497,-3,-0.01195219123505976,-4.514396771126259,-0.01798564450647912,Colorado,2020,2022,-0.01195219123505975,-0.017985644506479104,358
Mark Richt,55,0.13819095477386933,398,60,0.1507537688442211,66.22808123860699,0.16640221416735423,-5,-0.01256281407035176,-11.228081238606986,-0.02821125939348489,Miami,2015,2018,-0.012562814070351758,-0.0282112593934849,359
Nick Saban,121,0.1699438202247191,712,130,0.18258426966292135,139.8623317532853,0.1964358592040524,-9,-0.012640449438202247,-18.86233175328531,-0.0264920389793333,Alabama,2015,2023,-0.01264044943820225,-0.026492038979333304,360
Gary Patterson,94,0.13505747126436782,696,103,0.14798850574712644,121.94421337346716,0.17520720312279764,-9,-0.01293103448275862,-27.944213373467168,-0.04014973185842984,TCU,2015,2021,-0.012931034482758619,-0.04014973185842982,361
Lovie Smith,64,0.13250517598343686,483,72,0.14906832298136646,79.60383602823633,0.1648112547168454,-8,-0.016563146997929608,-15.603836028236328,-0.032306078733408544,Illinois,2016,2020,-0.0165631469979296,-0.032306078733408544,362
Tony Gibson,15,0.1388888888888889,108,17,0.1574074074074074,20.111960708229397,0.18622185840953145,-2,-0.018518518518518517,-5.111960708229397,-0.04733296952064256,Marshall,2025,2025,-0.018518518518518517,-0.04733296952064256,363
Urban Meyer,77,0.212707182320442,362,84,0.23204419889502761,81.22185790543654,0.22436977321943793,-7,-0.019337016574585635,-4.221857905436539,-0.011662590898995965,Ohio State,2015,2018,-0.019337016574585614,-0.011662590898995934,364
Ryan Beard,13,0.13978494623655913,93,15,0.16129032258064516,15.216078919348956,0.1636137518209565,-2,-0.021505376344086023,-2.2160789193489547,-0.023828805584397362,Missouri State,2025,2025,-0.02150537634408603,-0.023828805584397372,365
David Bailiff,47,0.16151202749140894,291,54,0.18556701030927836,55.812155975469075,0.19179435043116522,-7,-0.024054982817869417,-8.812155975469079,-0.030282322939756284,Rice,2015,2017,-0.024054982817869414,-0.030282322939756273,366
Scott Shafer,14,0.1308411214953271,107,17,0.1588785046728972,18.95015056295248,0.17710421086871478,-3,-0.028037383177570093,-4.950150562952479,-0.046263089373387654,Syracuse,2015,2015,-0.028037383177570097,-0.04626308937338769,367
