team,year,talent,scaled_talent
Alabama,2015,981.9,2.398255401079829
USC,2015,926.71,2.20010142508937
Ohio State,2015,907.32,2.130483639359074
Florida State,2015,889.92,2.0680107424169827
LSU,2015,889.37,2.0660360244101925
Georgia,2015,877.74,2.0242797145575193
Auburn,2015,865.41,1.980010127241658
Notre Dame,2015,857.33,1.9509997245237216
Michigan,2015,851.12,1.928703363028872
Texas A&M,2015,830.34,1.854094926335961
Texas,2015,821.26,1.8214941272420422
Tennessee,2015,810.53,1.7829691741277527
Clemson,2015,807.56,1.7723056968910855
UCLA,2015,793.22,1.7208194128595005
Florida,2015,789.79,1.7085043532898812
Oklahoma,2015,775.9,1.6586337476274877
Miami,2015,773.23,1.6490473893036153
Stanford,2015,765.98,1.6230170155777441
Ole Miss,2015,764.34,1.6171287655211333
Oregon,2015,757.52,1.5926422622369343
Penn State,2015,732.36,1.502307889417221
South Carolina,2015,725.72,1.4784676574806992
Michigan State,2015,715.3,1.4410557272429638
Nebraska,2015,699.89,1.3857277190890778
Arkansas,2015,695.04,1.3683142966655637
North Carolina,2015,683.03,1.325193636190017
Arizona State,2015,680.87,1.3174383800178955
Mississippi State,2015,680.06,1.3145301589533498
Washington,2015,667.45,1.269255260652214
Virginia,2015,667.05,1.2678191021018208
Baylor,2015,660.35,1.24376344638274
Virginia Tech,2015,658.38,1.236690365522055
Oklahoma State,2015,651.83,1.2131732692593713
Missouri,2015,642.93,1.181218741513129
Texas Tech,2015,641.07,1.1745406042538025
Louisville,2015,641.05,1.1744687963262825
Wisconsin,2015,635.77,1.1555115034610963
Kentucky,2015,634.52,1.1510235079911186
TCU,2015,630.38,1.1361592669945522
California,2015,626,1.1204333308677499
West Virginia,2015,625.85,1.1198947714113527
Pittsburgh,2015,611.18,1.067223656575693
NC State,2015,610.33,1.0641718196561083
Vanderbilt,2015,609.76,1.0621252937217982
Arizona,2015,606.92,1.0519285680140087
Maryland,2015,603.76,1.0405829154659048
Rutgers,2015,602.35,1.03552045657577
Northwestern,2015,595.75,1.0118238404942872
Georgia Tech,2015,590.34,0.9923997961002233
Utah,2015,574.41,0.935204781830826
Iowa,2015,573.06,0.9303577467232499
Boise State,2015,568.96,0.9156371215817231
Duke,2015,563.19,0.8949205344923056
Indiana,2015,559.08,0.8801640053870186
Oregon State,2015,544.66,0.8283904896453543
Colorado,2015,542.06,0.8190554590678004
Washington State,2015,540.86,0.814746983416622
Boston College,2015,534.6,0.7922711021029731
Purdue,2015,534.26,0.7910503673351391
Illinois,2015,530.96,0.7792020592943979
South Florida,2015,529.65,0.774498640041861
Iowa State,2015,529.12,0.7725957299625904
BYU,2015,521.43,0.7449855818312868
Minnesota,2015,516.1,0.7258487691473017
Houston,2015,511.45,0.7091534259989842
Syracuse,2015,508.8,0.6996388756026314
Kansas State,2015,503.64,0.6811124303025629
Kansas,2015,499.97,0.6679356756027082
Wake Forest,2015,497.48,0.6589955886265124
San Diego State,2015,494.77,0.6492656144476003
Cincinnati,2015,494.65,0.6488347668824825
Marshall,2015,489.77,0.6313136325676891
UCF,2015,484.54,0.6125358595213022
Southern Miss,2015,470.84,0.5633474291703453
SMU,2015,446.83,0.4771420121830118
Western Michigan,2015,442.13,0.4602671492158953
Louisiana Tech,2015,437.99,0.4454029082193288
Bowling Green,2015,433.59,0.4296051641650068
Louisiana,2015,430.17,0.41732600855914775
Toledo,2015,429.03,0.41323295669052784
Akron,2015,412.65,0.3544222640519387
Middle Tennessee,2015,409.82,0.34426144230790906
Tulane,2015,408.22,0.3385168081063376
Arkansas State,2015,408.08,0.33801415261369994
Temple,2015,405.92,0.3302588964415784
Tulsa,2015,404.03,0.3234730472909718
East Carolina,2015,403.62,0.3220009847768192
Fresno State,2015,402.58,0.3182669725457976
UConn,2015,402.23,0.3170103338142039
Florida Atlantic,2015,401.61,0.31478428806109493
Rice,2015,399.58,0.3074957834178509
Miami (OH),2015,397.13,0.29869931229669444
Georgia Southern,2015,391.18,0.27733645385960015
Colorado State,2015,389.1,0.2698684293975571
Hawai'i,2015,385.63,0.25740975397289867
Memphis,2015,381.8,0.24365853585288672
North Texas,2015,380.69,0.2396731958755464
Northern Illinois,2015,380.69,0.2396731958755464
Nevada,2015,380.53,0.23909873245538912
San José State,2015,379.6,0.23575966382572583
Central Michigan,2015,376.81,0.2257424579367353
South Alabama,2015,367.16,0.19109513290850677
Texas State,2015,360.49,0.16714718908070517
Florida International,2015,360.11,0.16578283845783193
UTSA,2015,356.37,0.1523547560116583
Western Kentucky,2015,353.5,0.14205031841258925
Ball State,2015,349.94,0.12926850731409248
New Mexico,2015,341.72,0.09975544910351855
Eastern Michigan,2015,341.36,0.09846290640816491
Kent State,2015,338.4,0.08783533313525733
Georgia State,2015,335.67,0.07803355102882596
Troy,2015,335.43,0.07717185589859019
UNLV,2015,332.69,0.06733416982839882
Utah State,2015,331.44,0.06284617435842102
Ohio,2015,330.61,0.05986614536635581
Massachusetts,2015,323.73,0.03516421829959801
Old Dominion,2015,319.6,0.02033588126679137
Buffalo,2015,316.44,0.008990228718687399
Wyoming,2015,314.72,0.0028147469519980498
App State,2015,312.88,-0.003791582379809388
Navy,2015,306.87,-0.025369864599462624
Charlotte,2015,304.05,-0.03549478237973252
UL Monroe,2015,292.73,-0.07613806935585146
Idaho,2015,262.39,-0.18507069540315277
UTEP,2015,256.12,-0.20758248068056134
New Mexico State,2015,251.16,-0.2253908467054333
UAB,2015,236.34,-0.2786005209974901
Northern Iowa,2015,202.77,-0.3991301273392139
Army,2015,186.45,-0.45772539619524416
Yale,2015,181.76,-0.47456435519860085
Jacksonville State,2015,173.32,-0.504867300611891
Chattanooga,2015,137.06,-0.635055073205007
Portland State,2015,123.61,-0.6833459044619681
Youngstown State,2015,116.79,-0.707832407746167
Bethune-Cookman,2015,116.09,-0.7103456852093546
South Carolina State,2015,105.01,-0.7501272770552379
Stephen F. Austin,2015,103.72,-0.754758888380255
Cal Poly,2015,97.73,-0.7762653626723884
Samford,2015,95.68,-0.7836256752431521
Illinois State,2015,92.42,-0.7953303674288542
Murray State,2015,89.72,-0.8050244376440063
James Madison,2015,84.74,-0.8229046115963978
North Dakota State,2015,82.26,-0.8318087946088338
Jackson State,2015,78.26,-0.8461703801127628
Indiana State,2015,74.6,-0.8593112308488577
Tennessee State,2015,74.37,-0.8601370220153337
Towson,2015,74.05,-0.8612859488556479
Pennsylvania,2015,73.07,-0.8648045373041107
Air Force,2015,70.95,-0.872416177621193
Northern Arizona,2015,68.35,-0.8817512081987467
Abilene Christian,2015,66.43,-0.8886447692406326
Montana,2015,64.46,-0.8957178501013178
Wagner,2015,64.14,-0.8968667769416321
UT Martin,2015,62.12,-0.9041193776211162
Stony Brook,2015,61.96,-0.9046938410412733
Furman,2015,61.89,-0.9049451687875921
Southern Illinois,2015,60.76,-0.909002316692452
Hampton,2015,58.39,-0.91751155610353
SE Louisiana,2015,58.08,-0.9186245789800844
Villanova,2015,57.42,-0.9209942405882326
Valparaiso,2015,56.37,-0.924764156783014
Western Illinois,2015,51.28,-0.9430392743367635
McNeese,2015,51.19,-0.9433624100106021
Duquesne,2015,50.43,-0.9460911112563485
Charleston Southern,2015,48.43,-0.953271904008313
The Citadel,2015,47.12,-0.9579753232608498
Eastern Illinois,2015,46.56,-0.9599859452313998
Eastern Kentucky,2015,46.5,-0.9602013690139587
Richmond,2015,46.34,-0.960775832434116
Eastern Washington,2015,45.1,-0.9652279239403337
Texas Southern,2015,43.1,-0.9724087166922982
Grambling,2015,41.62,-0.9777225033287521
Coastal Carolina,2015,41.5,-0.9781533508938699
Houston Christian,2015,39.71,-0.9845801604068782
Southern,2015,37.48,-0.9925867443253185
Sacramento State,2015,37.46,-0.9926585522528383
Rhode Island,2015,37.17,-0.993699767201873
Austin Peay,2015,36.99,-0.9943460385495498
Fordham,2015,36.98,-0.9943819425133096
Northern Colorado,2015,36.95,-0.9944896544045891
Central Arkansas,2015,35.29,-1.0004497123887195
Mercer,2015,35.02,-1.0014191194102349
Norfolk State,2015,32.59,-1.0101437826038717
Tennessee Tech,2015,31.74,-1.0131956195234566
VMI,2015,31.43,-1.0143086424000112
Campbell,2015,31.21,-1.0150985296027273
Harvard,2015,30.49,-1.0176836149934343
Southeast Missouri State,2015,29.79,-1.0201968924566218
Cornell,2015,29.11,-1.0226383619922899
Northwestern State,2015,28.02,-1.0265518940421106
Presbyterian,2015,25.63,-1.0351329413807082
Delaware State,2015,25.26,-1.0364613880398215
South Dakota State,2015,25.25,-1.0364972920035813
Lamar,2015,24.84,-1.0379693545177342
Nicholls,2015,24.71,-1.0384361060466119
Alabama State,2015,24.46,-1.0393337051406073
Kennesaw State,2015,23.49,-1.04281638962531
Idaho State,2015,21.69,-1.049279103102078
Columbia,2015,21.24,-1.0508947814712701
New Hampshire,2015,21.17,-1.0511461092175889
Prairie View A&M,2015,20.76,-1.0526181717317415
East Tennessee State,2015,20.07,-1.0550955452311694
Weber State,2015,19.8,-1.0560649522526846
Liberty,2015,19.57,-1.0568907434191606
Wofford,2015,19.48,-1.0572138790929988
Jacksonville,2015,18.58,-1.060445235831383
Brown,2015,16.92,-1.0664052938155133
Western Carolina,2015,15.77,-1.0705342496478931
Davidson,2015,15.67,-1.0708932892854912
William & Mary,2015,15.65,-1.070965097213011
Florida A&M,2015,15.6,-1.07114461703181
Incarnate Word,2015,15.59,-1.0711805209955698
North Carolina Central,2015,14.26,-1.0759557481756261
Alabama A&M,2015,13.33,-1.0792948168052898
Montana State,2015,11.86,-1.0845726994779834
Butler,2015,9.96,-1.0913944525923498
Gardner-Webb,2015,8.58,-1.0963491995912054
Monmouth,2015,7.93,-1.0986829572355938
Holy Cross,2015,7.45,-1.1004063474960653
Drake,2015,7.43,-1.100478155423585
Maine,2015,7.24,-1.1011603307350215
Lehigh,2015,6.66,-1.1032427606330912
Southern Utah,2015,6.66,-1.1032427606330912
Stetson,2015,6.66,-1.1032427606330912
UC Davis,2015,6.66,-1.1032427606330912
Arkansas-Pine Bluff,2015,6.66,-1.1032427606330912
South Dakota,2015,3.36,-1.1150910686738325
Robert Morris,2015,3.06,-1.1161681875866272
Dartmouth,2015,2.96,-1.1165272272242255
Marist,2015,2.63,-1.1177120580282998
Howard,2015,2.22,-1.1191841205424522
St. Francis (PA),2015,1.74,-1.1209075108029238
Alabama,2016,982.66,2.3954820648457726
USC,2016,936.86,2.2304100324995075
LSU,2016,917.72,2.161425781427291
Florida State,2016,906.64,2.12149132469374
Ohio State,2016,902.46,2.1064257985975092
Georgia,2016,872,1.9966420845087047
Auburn,2016,865.36,1.9727102440113422
Michigan,2016,852.78,1.927369498008809
Clemson,2016,846,1.9029330705130083
Notre Dame,2016,842.35,1.889777766625151
Texas,2016,838.97,1.8775955948057104
UCLA,2016,819.16,1.8061965345266815
Texas A&M,2016,814.63,1.7898695409343544
Tennessee,2016,813.92,1.7873105640137026
Ole Miss,2016,808.15,1.7665143712923501
Florida,2016,798.44,1.7315176587578036
Stanford,2016,778.45,1.659469843766497
Oklahoma,2016,777.48,1.6559737767058882
Miami,2016,745.93,1.5422614924149565
Penn State,2016,742.52,1.5299711948101362
Oregon,2016,738.29,1.5147254590716057
Michigan State,2016,719.7,1.447723514064683
South Carolina,2016,706.9,1.401589845636032
Washington,2016,699.64,1.375423405574157
Arizona State,2016,694.21,1.3558526384204406
Nebraska,2016,691.61,1.3464817370208708
Arkansas,2016,689.41,1.3385525127596962
Mississippi State,2016,679.14,1.3015374522313963
North Carolina,2016,669.61,1.2671894944091275
TCU,2016,665.53,1.2524843875974951
West Virginia,2016,654.64,1.2132347275046824
Louisville,2016,654.13,1.2113965891532283
Kentucky,2016,652.07,1.2039719518904926
Maryland,2016,651.99,1.2036836164628133
Pittsburgh,2016,649.85,1.1959706437723985
Virginia Tech,2016,646.82,1.185049939449054
Wisconsin,2016,643.76,1.1740211093403294
Missouri,2016,633.76,1.137979180880446
Oklahoma State,2016,631.68,1.1304824597607903
Baylor,2016,619.18,1.085430049185936
Vanderbilt,2016,619.03,1.084889420259038
Virginia,2016,618.91,1.0844569171175193
Arizona,2016,616.31,1.0750860157179496
NC State,2016,616.29,1.07501393186103
Northwestern,2016,613.55,1.065138443463022
Texas Tech,2016,604.93,1.0340703011306025
California,2016,601.17,1.0205185360296865
Duke,2016,599.82,1.0156528756876027
Rutgers,2016,585.47,0.9639327083476701
Georgia Tech,2016,582.55,0.9534084652373839
Utah,2016,580.07,0.9444700669793332
Houston,2016,572.7,0.9179071657043992
Indiana,2016,565.47,0.8918488514279035
South Florida,2016,563.99,0.8865146460158407
Iowa,2016,558.73,0.8675565916459422
Iowa State,2016,552.17,0.8439130865762586
Boise State,2016,548.82,0.831839040542198
Cincinnati,2016,541.58,0.8057446843372426
Minnesota,2016,535.44,0.7836149402628743
Boston College,2016,533.39,0.776226344928598
BYU,2016,529.05,0.7605841479770085
Colorado,2016,526.39,0.7509969950066797
Oregon State,2016,524.89,0.7455907057376971
Illinois,2016,523.91,0.7420585967486285
Washington State,2016,522.58,0.7372650202634643
Syracuse,2016,520.26,0.7289032928607713
Wake Forest,2016,517.63,0.719424265675822
Purdue,2016,512.72,0.7017276788020194
UCF,2016,510.27,0.6928974063293478
Kansas State,2016,505.29,0.6749485259563262
Temple,2016,492.72,0.6296438218822529
Kansas,2016,491,0.6234446101871529
Marshall,2016,485.46,0.6034773818203775
San Diego State,2016,482.31,0.5921241743555143
SMU,2016,474.03,0.5622814575907309
Arkansas State,2016,471.45,0.5529826400480811
Toledo,2016,460.86,0.5148142378090649
Louisiana Tech,2016,451.38,0.48064648962909545
Memphis,2016,451.24,0.48014190263065715
Akron,2016,443.73,0.45307441435728485
Western Michigan,2016,443.16,0.4510200244350715
East Carolina,2016,442.26,0.4477762508736819
Southern Miss,2016,441.29,0.4442801838130733
San José State,2016,437.36,0.4301157059283392
Middle Tennessee,2016,436.6,0.4273765193653881
Georgia Southern,2016,435.33,0.4227991944509828
UConn,2016,423.56,0.3803778446537003
Louisiana,2016,421.37,0.37248466232098587
Miami (OH),2016,418.04,0.3604827001438448
Colorado State,2016,412.28,0.33972254935095186
Tulsa,2016,409.17,0.3285135095999283
Florida Atlantic,2016,408.4,0.32573828110851716
Fresno State,2016,404.97,0.3133758996467774
Northern Illinois,2016,403.27,0.3072487718085971
Western Kentucky,2016,401.82,0.3020226921819141
UTSA,2016,397.64,0.28695716608568284
Rice,2016,394.83,0.27682938418845565
Bowling Green,2016,392.66,0.2690082857126611
Central Michigan,2016,391.81,0.265944721793571
Troy,2016,390.47,0.2611151033799467
Nevada,2016,389.56,0.25783528789009724
South Alabama,2016,389.36,0.2571144493208996
Tulane,2016,388.04,0.25235691476419503
New Mexico,2016,387.26,0.24954564434432405
Hawai'i,2016,384.97,0.2412920427270109
UNLV,2016,376.26,0.20989952303845247
Ohio,2016,372.56,0.19656400950829572
Massachusetts,2016,370.9,0.190581049383955
Ball State,2016,365.94,0.172704252867853
Florida International,2016,362.84,0.1615312550452891
Utah State,2016,357.13,0.14095131389469584
Texas State,2016,351.76,0.12159679831173852
North Texas,2016,351.58,0.1209480435994606
Eastern Michigan,2016,347.7,0.1069637753570259
Old Dominion,2016,347.2,0.10516167893403175
Buffalo,2016,343.64,0.0923307524023133
Navy,2016,342.77,0.08919510462630344
Kent State,2016,334.01,0.05762237529544575
App State,2016,333.36,0.05527964994555342
Charlotte,2016,330.55,0.045151868048326216
UL Monroe,2016,322.82,0.0172914573488364
Georgia State,2016,321.79,0.013579138717468525
Wyoming,2016,316.18,-0.006640383148526026
UTEP,2016,290.4,-0.09955647471810515
New Mexico State,2016,267.66,-0.1815158200358795
Idaho,2016,256.78,-0.22072943820023264
Jacksonville State,2016,254.26,-0.22981200417212316
Eastern Kentucky,2016,184.88,-0.4798709038267931
Yale,2016,165.17,-0.550909544821223
Northern Iowa,2016,164.16,-0.5545497795956712
Portland State,2016,154.68,-0.5887175277756405
Army,2016,131.74,-0.6713977116626126
Youngstown State,2016,130.84,-0.6746414852240021
James Madison,2016,128.58,-0.6827869610559357
Southern Illinois,2016,123.69,-0.7004114640728187
SE Louisiana,2016,121.61,-0.7079081851924743
Chattanooga,2016,119.2,-0.7165942899513064
Eastern Illinois,2016,119.04,-0.7171709608066643
Wagner,2016,118.43,-0.7193695184427172
Stony Brook,2016,118.15,-0.720378692439594
Duquesne,2016,116.15,-0.7275870781315706
UT Martin,2016,107.98,-0.7570333336832952
Northern Arizona,2016,104.38,-0.7700084279288533
Illinois State,2016,102.21,-0.777829526404648
Hampton,2016,99.46,-0.7877410567311158
Towson,2016,95.18,-0.8031670021119458
Samford,2016,94.57,-0.8053655597479987
Grambling,2016,93.31,-0.809906842733944
Cal Poly,2016,91.73,-0.8156014674306055
Nicholls,2016,89.59,-0.8233144401210205
Jackson State,2016,86.85,-0.8331899285190286
Montana,2016,83.1,-0.8467056516914848
North Dakota State,2016,81.65,-0.8519317313181678
Stephen F. Austin,2016,80.33,-0.8566892658748725
Western Illinois,2016,78.62,-0.8628524356415125
Southeast Missouri State,2016,76.33,-0.8711060372588258
South Carolina State,2016,75.71,-0.8733406368233386
Coastal Carolina,2016,71.67,-0.8879015759211313
McNeese,2016,69.85,-0.8944612069008301
Southern Utah,2016,68.79,-0.8982816513175776
Prairie View A&M,2016,67.68,-0.9022823053766248
Norfolk State,2016,67.07,-0.9044808630126777
Furman,2016,66.86,-0.9052377435103351
Charleston Southern,2016,65.6,-0.9097790264962805
Montana State,2016,64.33,-0.9143563514106857
Bethune-Cookman,2016,63.39,-0.9177442926859147
Murray State,2016,62.79,-0.9199068083935077
Central Arkansas,2016,62.11,-0.9223576595287797
Houston Christian,2016,61.17,-0.9257456008040087
Pennsylvania,2016,60.95,-0.9265385232301262
Mercer,2016,57.71,-0.9382161080511284
Kennesaw State,2016,54.76,-0.948848476946794
Weber State,2016,54.68,-0.949136812374473
Alabama State,2016,53.46,-0.9535339276465788
Tennessee Tech,2016,53,-0.9551918563557333
Richmond,2016,51.95,-0.9589762588440212
Tennessee State,2016,51.82,-0.9594448039139997
Southern,2016,46.97,-0.9769251392170428
Sacramento State,2016,45.18,-0.9833766444113621
Eastern Washington,2016,45.1,-0.9836649798390411
Austin Peay,2016,44.67,-0.985214782762816
Air Force,2016,44.58,-0.9855391601189551
Texas Southern,2016,43.86,-0.9881341789680667
Lamar,2016,43.84,-0.9882062628249864
Indiana State,2016,43.84,-0.9882062628249864
William & Mary,2016,43.54,-0.9892875206787829
Presbyterian,2016,41.4,-0.997000493369198
Rhode Island,2016,41.24,-0.997577164224556
Campbell,2016,40.68,-0.9995955122183096
Alcorn State,2016,39.3,-1.0045692983457735
The Citadel,2016,37.64,-1.010552258470114
Fordham,2016,36.98,-1.0129310257484663
Princeton,2016,36.73,-1.0138320739599633
Monmouth,2016,35.77,-1.0172920990921124
South Dakota,2016,32.89,-1.0276721744885586
Northwestern State,2016,32.06,-1.0306636545507288
VMI,2016,31.43,-1.0329342960437016
East Tennessee State,2016,31.35,-1.0332226314713806
Valparaiso,2016,29.84,-1.0386649626688231
Northern Colorado,2016,29.66,-1.039313717381101
Drake,2016,27.37,-1.047567318998414
Robert Morris,2016,26.7,-1.0499821282052264
Alabama A&M,2016,26.31,-1.0513877634151618
Idaho State,2016,25.18,-1.0554605013311285
Villanova,2016,23.98,-1.0597855327463146
Savannah St,2016,23.51,-1.061479503383929
Maine,2016,23.37,-1.0619840903823674
Delaware State,2016,22.84,-1.0638943125907414
Gardner-Webb,2016,22.66,-1.064543067303019
Butler,2016,21.56,-1.0685076794336064
Columbia,2016,21.24,-1.0696610211443225
Liberty,2016,21.04,-1.0703818597135202
Abilene Christian,2016,19.77,-1.0749591846279254
Wofford,2016,19.48,-1.0760044005532619
Sacred Heart,2016,19.44,-1.0761485682671015
Harvard,2016,17.28,-1.0839336248144364
Brown,2016,16.92,-1.085231134238992
Florida A&M,2016,16.64,-1.086240308235869
Cornell,2016,15.89,-1.08894345287036
Dayton,2016,14.99,-1.0921872264317496
Holy Cross,2016,14.75,-1.093052232714787
Western Carolina,2016,13.67,-1.0969447609884542
Jacksonville,2016,13.41,-1.097881851128411
North Carolina Central,2016,13.15,-1.0988189412683682
Missouri State,2016,12.7,-1.100440828049063
Georgetown,2016,12.6,-1.1008012473336617
New Hampshire,2016,11.21,-1.1058110753895856
Stetson,2016,9.99,-1.1102081906616912
Howard,2016,7.53,-1.1190745050628226
Lehigh,2016,6.66,-1.1222101528388322
San Diego,2016,6.66,-1.1222101528388322
Arkansas-Pine Bluff,2016,6.66,-1.1222101528388322
Central Connecticut,2016,6.66,-1.1222101528388322
Morehead State,2016,6.66,-1.1222101528388322
Bryant,2016,6.24,-1.1237239138341475
North Carolina A&T,2016,3.81,-1.132482102449899
St. Francis (PA),2016,1.74,-1.139942781641095
Alabama,2017,997.57,2.1550619139072666
Ohio State,2017,959.12,2.005344055701736
USC,2017,934,1.9075309842290986
Georgia,2017,930.34,1.8932795574142158
Florida State,2017,924.97,1.8723696770874618
LSU,2017,907.1,1.8027868909721736
Michigan,2017,874.28,1.674991309533799
Auburn,2017,867.43,1.6483185571616823
Clemson,2017,853.65,1.5946615458204025
Notre Dame,2017,837.71,1.5325938563588644
UCLA,2017,830.58,1.5048308308970848
Tennessee,2017,817.34,1.4532764890858696
Texas,2017,811.03,1.4287064062438175
Stanford,2017,810.31,1.4259028468703978
Texas A&M,2017,807.27,1.4140655961826265
Oklahoma,2017,801.67,1.3922601343893632
Ole Miss,2017,795.7,1.3690139545847597
Florida,2017,793.83,1.361732487878795
Penn State,2017,779.26,1.3049993488916798
Miami,2017,749.08,1.1874834851558438
Arizona State,2017,720.44,1.075964123413155
Oregon,2017,720.23,1.0751464185959074
Arkansas,2017,717.01,1.062608278064781
Washington,2017,706.52,1.0217619755270433
South Carolina,2017,702.52,1.0061866456747126
Mississippi State,2017,701.06,1.0005016502786117
North Carolina,2017,697.54,0.9867953600085605
Maryland,2017,696.21,0.9816165628326609
Nebraska,2017,693.46,0.9709085235591833
Michigan State,2017,680.94,0.9221577411213879
TCU,2017,672.81,0.890500883196525
Kentucky,2017,671.45,0.885205271046733
Virginia Tech,2017,662.18,0.8491094441139558
Pittsburgh,2017,660.36,0.8420226690311455
Baylor,2017,657.22,0.8297960350970659
Louisville,2017,640.98,0.7665601958966026
Wisconsin,2017,639.76,0.7618097202916416
Oklahoma State,2017,633.57,0.7377068973451598
Utah,2017,630.95,0.7275050562918831
Duke,2017,627.62,0.7145385941898176
Northwestern,2017,627.54,0.7142270875927708
Missouri,2017,623.33,0.6978340529231929
West Virginia,2017,613.18,0.658311653422903
NC State,2017,609.76,0.6449947463991602
Vanderbilt,2017,607.68,0.6368955748759481
Arizona,2017,607.31,0.6354548568646075
Virginia,2017,603.88,0.6220990115162339
California,2017,603.06,0.6189060688965059
Iowa,2017,592.95,0.5795394226947401
Texas Tech,2017,574.93,0.5093725617099892
Rutgers,2017,574.78,0.5087884868405269
Georgia Tech,2017,574.35,0.5071141388814016
BYU,2017,574.09,0.5061017424410001
UCF,2017,571.52,0.4960945930108774
Colorado,2017,568.59,0.4846856638940452
Iowa State,2017,559.34,0.44866771361053015
Houston,2017,558.72,0.44625353748341884
Oregon State,2017,557.02,0.43963402229617804
South Florida,2017,554.17,0.42853659977639225
Washington State,2017,549.42,0.4100408955767494
Indiana,2017,547.92,0.4042001468821253
Minnesota,2017,543.8,0.3881575571342245
Syracuse,2017,539.6,0.3718034607892774
Illinois,2017,538.83,0.36880520979270376
Boston College,2017,535.21,0.35470953627634433
Wake Forest,2017,527.21,0.32355887657168264
Kansas State,2017,517.85,0.28711260471722844
Kansas,2017,512.24,0.26526820459933437
Memphis,2017,504.49,0.23509100301044336
Purdue,2017,502.71,0.228159981226156
Boise State,2017,501.53,0.22356525891971837
Cincinnati,2017,500.95,0.22130683609113047
SMU,2017,492.63,0.18891014999828235
East Carolina,2017,471.1,0.10507593706811168
Florida Atlantic,2017,470.88,0.10421929392623337
Temple,2017,468.29,0.09413426784684925
Marshall,2017,445.48,0.0053159493639326075
Colorado State,2017,441.98,-0.008312464256856882
Arkansas State,2017,436.05,-0.03140289076293738
Tulsa,2017,422.77,-0.0831129858726759
UConn,2017,420.17,-0.09323695027669082
San Diego State,2017,419.43,-0.09611838629937206
Western Michigan,2017,414.35,-0.11589905521183216
Miami (OH),2017,413.24,-0.12022120924585403
Tulane,2017,396.43,-0.18567653295027442
Louisiana Tech,2017,394.31,-0.1939314577720098
Southern Miss,2017,394.24,-0.19420402604442555
South Alabama,2017,387.88,-0.21896880050963163
Central Michigan,2017,387.2,-0.2216166065845279
San José State,2017,378.56,-0.2552593190655625
Navy,2017,376.2,-0.2644487636784377
Fresno State,2017,374.63,-0.27056208064547754
Northern Illinois,2017,373.99,-0.2730541334218504
Massachusetts,2017,367.59,-0.2979746611855799
Toledo,2017,366.47,-0.30233575354423237
Georgia Southern,2017,365.57,-0.30584020276100693
Georgia State,2017,364.16,-0.31133050653395344
Bowling Green,2017,361.82,-0.3204420744975671
Troy,2017,352.1,-0.35829012603873095
Rice,2017,345.79,-0.38286020888078287
Middle Tennessee,2017,344.65,-0.3872991778886973
New Mexico,2017,344.64,-0.3873381162133281
Nevada,2017,341.11,-0.40108334480800995
Akron,2017,337.11,-0.4166586746603408
App State,2017,335.87,-0.4214870269145634
Florida International,2017,334.18,-0.4280676037771732
Western Kentucky,2017,332.17,-0.4358942070279694
Old Dominion,2017,331.2,-0.43967122451715973
UNLV,2017,331.18,-0.4397491011664213
Hawai'i,2017,330.56,-0.4421632772935326
Utah State,2017,330.2,-0.44356505698024246
Louisiana,2017,329.24,-0.44730313614480177
Ohio,2017,326.14,-0.4593740167803583
Ball State,2017,318.17,-0.49040786151112736
UL Monroe,2017,303.96,-0.5457392208115328
North Texas,2017,303.13,-0.5489711017558914
Buffalo,2017,294.08,-0.58421028554679
Eastern Michigan,2017,292.11,-0.5918811354990628
UTSA,2017,291.62,-0.5937891134059734
Kent State,2017,288.56,-0.6057042407430064
Charlotte,2017,283.01,-0.6273150109131156
Wyoming,2017,277.07,-0.6504443757438269
Texas State,2017,274.67,-0.6597895736552253
UTEP,2017,264.42,-0.6997013564018231
New Mexico State,2017,233.47,-0.820215471134233
Idaho,2017,184.75,-1.0099229887356227
James Madison,2017,179.5,-1.030365609166807
UAB,2017,170.05,-1.0671623259429386
Portland State,2017,147.63,-1.154462049765253
Coastal Carolina,2017,119.43,-1.2642681252241854
Stony Brook,2017,111.94,-1.2934329303726748
Towson,2017,106.93,-1.3129410310127192
Army,2017,88.72,-1.3838477201654553
Montana,2017,80.03,-1.4176851242696442
Cal Poly,2017,76.98,-1.4295613132820464
Charleston Southern,2017,72.38,-1.447472942612227
Richmond,2017,71.64,-1.4503543786349082
Kennesaw State,2017,70.97,-1.4529632463851734
Northern Arizona,2017,69.2,-1.45985532984483
Rhode Island,2017,65.72,-1.4734058668163577
Weber State,2017,51.74,-1.527841644650254
Sacramento State,2017,46.67,-1.5475833752380834
William & Mary,2017,40.05,-1.573360546143691
Maine,2017,38.99,-1.5774880085545586
Southern Utah,2017,33.11,-1.600383743437485
Northern Colorado,2017,32.58,-1.602447474642919
Montana State,2017,26.4,-1.62651135926477
Gardner-Webb,2017,23.01,-1.6397114513146205
Monmouth,2017,21.44,-1.6458247682816602
Air Force,2017,21.1,-1.6471486713191084
Eastern Washington,2017,19.95,-1.6516265786516535
Liberty,2017,19.85,-1.6520159618979617
Idaho State,2017,15.22,-1.6700444062020345
Presbyterian,2017,14.91,-1.6712514942655903
Elon,2017,13.41,-1.6770922429602144
Villanova,2017,11.65,-1.68394538809524
New Hampshire,2017,11.21,-1.6856586743789965
Ohio State,2018,984.3,2.3353837494077556
Alabama,2018,978.54,2.315095855138463
Georgia,2018,964,2.2638830109239643
USC,2018,933.65,2.156984123584897
Clemson,2018,893.21,2.0145461992359053
LSU,2018,889.91,2.0029229264774564
Florida State,2018,888.75,1.9988371699926681
Michigan,2018,862.35,1.9058509879250776
Texas,2018,861.2,1.9018004534789512
Notre Dame,2018,847.85,1.8547790318652266
Oklahoma,2018,843.79,1.8404788841684676
Penn State,2018,834.24,1.80684183724629
Florida,2018,831.78,1.7981772157354465
Auburn,2018,827.37,1.7826442966855194
Tennessee,2018,826.98,1.7812706371777027
Texas A&M,2018,805.66,1.7061772507503905
Stanford,2018,786.63,1.6391497111766689
Washington,2018,772.88,1.5907194080164653
UCLA,2018,754.31,1.5253120822211936
Miami,2018,753.72,1.523233981940138
South Carolina,2018,749.98,1.5100609394805626
Ole Miss,2018,734,1.4537761216987404
Mississippi State,2018,729.97,1.439581640117968
Maryland,2018,725.94,1.4253871585371958
Nebraska,2018,711.22,1.3735403176267813
Oregon,2018,695.81,1.319263156048691
Arkansas,2018,694.63,1.315106955486579
North Carolina,2018,688.48,1.29344540170947
Arizona State,2018,687.72,1.2907685267711606
Virginia Tech,2018,675.71,1.248466858338139
TCU,2018,671.88,1.234976817530606
Kentucky,2018,670.27,1.2293060693060294
Baylor,2018,668.37,1.2226138819602559
Michigan State,2018,658.85,1.189082501154064
Wisconsin,2018,653.5,1.170238710469912
West Virginia,2018,646.91,1.147027386991676
Oklahoma State,2018,645.01,1.1403351996459026
Pittsburgh,2018,637.96,1.1155036623892165
Duke,2018,635.63,1.1072969273809783
Louisville,2018,632.22,1.0952862121972478
NC State,2018,629.39,1.0853183752559112
Iowa,2018,615.08,1.0349156379306377
Vanderbilt,2018,611.99,1.02403202798409
Northwestern,2018,608.89,1.0131131959988804
California,2018,596.08,0.9679937644729018
Missouri,2018,595.14,0.9646828928386768
Utah,2018,594.6,0.9627809027509308
Minnesota,2018,588.97,0.9429508949842437
Georgia Tech,2018,583.49,0.9236492177974861
Arizona,2018,580.54,0.9132587163922059
Houston,2018,577.17,0.9013888893631233
Iowa State,2018,575.76,0.8964225819117861
Colorado,2018,575.65,0.8960351394865045
Syracuse,2018,570.2,0.8768391284157331
UCF,2018,568.35,0.8703230512632693
BYU,2018,565.85,0.8615175415977777
Indiana,2018,564.04,0.8551423525999616
Illinois,2018,562.67,0.8503169333032722
Texas Tech,2018,561.59,0.8465129531277801
Rutgers,2018,555.24,0.8241469585774315
Washington State,2018,554.77,0.8224915227603189
South Florida,2018,548.62,0.8008299689832098
Kansas State,2018,547.43,0.7966385463824356
Cincinnati,2018,543.78,0.783782502270818
Boise State,2018,543.43,0.7825497309176491
Virginia,2018,542.4,0.7789218609354667
Florida Atlantic,2018,537.93,0.7631776096535676
Oregon State,2018,535.36,0.7541255457174425
Boston College,2018,533.43,0.7473276922556829
Wake Forest,2018,525.48,0.7193261715194199
Purdue,2018,520.48,0.7017151521884367
Kansas,2018,517.1,0.6898101031206921
SMU,2018,485.46,0.5783675727942308
Memphis,2018,480.07,0.559382893955431
Colorado State,2018,479.97,0.5590306735688114
Temple,2018,478.3,0.553148593112263
Louisiana Tech,2018,477.5,0.5503308300193056
Florida International,2018,476.52,0.5468790702304329
San Diego State,2018,472.6,0.5330720310749423
Toledo,2018,463.96,0.5026401896710032
Fresno State,2018,459.07,0.4854166127653018
Marshall,2018,451.61,0.459140971923475
Tulane,2018,445.36,0.4371271977597461
Western Michigan,2018,442.29,0.4263140318905225
East Carolina,2018,434.48,0.39880561969552686
Arkansas State,2018,433.73,0.3961639667958794
Nevada,2018,432.4,0.39147943565383775
Northern Illinois,2018,432.31,0.39116243730588013
San José State,2018,430.62,0.38520991277200783
Miami (OH),2018,421.22,0.3521011964297596
Middle Tennessee,2018,414.19,0.32734010325039725
Central Michigan,2018,413.6,0.3252620029693413
New Mexico,2018,411.95,0.3194503665901168
UTSA,2018,405.2,0.2956754904932895
Georgia State,2018,404.34,0.2926463951683604
UNLV,2018,400.76,0.2800369053273765
South Alabama,2018,394.24,0.2570721361197746
UConn,2018,389.2,0.23932022863414348
Massachusetts,2018,388.91,0.2382987895129466
UAB,2018,387.71,0.2340721448735105
Southern Miss,2018,387.32,0.23269848536569385
Utah State,2018,377.39,0.19772300097436132
Louisiana,2018,376.68,0.1952222362293618
Bowling Green,2018,375.14,0.1897980422754189
Rice,2018,375.12,0.18972759819809504
Buffalo,2018,369.14,0.16866481907823916
North Texas,2018,368.58,0.16669238491316904
Tulsa,2018,368.14,0.16514261521204254
Ball State,2018,362.1,0.14386850386021505
Akron,2018,361,0.13999407960739868
App State,2018,356.16,0.12294661289500708
Western Kentucky,2018,353.43,0.11333099634029023
Troy,2018,352.36,0.10956223820345987
Kent State,2018,351.73,0.107343249767756
Navy,2018,349.26,0.09864340621825024
Wyoming,2018,348.34,0.09540297866134928
Ohio,2018,346.18,0.08779501831036468
UTEP,2018,345.76,0.08631569268656204
Eastern Michigan,2018,344.06,0.08032794611402783
Hawai'i,2018,343.97,0.0800109477660702
Old Dominion,2018,333.18,0.04200636804980854
UL Monroe,2018,326.66,0.0190415988422066
Charlotte,2018,311,-0.03611611370243266
Georgia Southern,2018,303.12,-0.06387108016806206
Texas State,2018,302.55,-0.06587873637179412
Coastal Carolina,2018,284.24,-0.13037028916185436
New Mexico State,2018,249.32,-0.2533656481694406
Army,2018,230.75,-0.31877297396471194
Air Force,2018,186.27,-0.47544060193313786
Jacksonville State,2018,174.86,-0.5156289480464413
Hampton,2018,149.11,-0.6063256976010045
James Madison,2018,147.11,-0.6133701053333978
SE Louisiana,2018,135.64,-0.6537697836786731
Sam Houston,2018,133.13,-0.6626105153828267
Austin Peay,2018,123.4,-0.6968815590009197
Alabama State,2018,118.68,-0.7135063612493678
Duquesne,2018,113.21,-0.7327728163974635
Chattanooga,2018,112.15,-0.7365063524956318
Illinois State,2018,109.44,-0.7460515249730247
Southern Illinois,2018,108.59,-0.7490453982592918
Eastern Kentucky,2018,107.58,-0.7526028241641505
Stony Brook,2018,106.51,-0.7563715823009809
Montana State,2018,98.98,-0.7828937774134413
UT Martin,2018,98.34,-0.7851479878878073
Liberty,2018,93.99,-0.8004695747057625
Idaho,2018,87.35,-0.8238570083773082
Kennesaw State,2018,86.45,-0.8270269918568852
Portland State,2018,85.83,-0.8292107582539271
Northern Arizona,2018,85.03,-0.8320285213468843
Samford,2018,84.29,-0.8346349522078698
North Dakota State,2018,83.68,-0.8367834965662498
Towson,2018,83.58,-0.8371357169528695
Texas Southern,2018,83.08,-0.8388968188859678
Tennessee State,2018,82.27,-0.8417498040175871
Richmond,2018,82.2,-0.8419963582882208
Delaware,2018,79.23,-0.8524573037708247
Youngstown State,2018,70.45,-0.8833822537160312
Grambling,2018,69.99,-0.8850024674944816
Southeast Missouri State,2018,69.85,-0.8854955760357491
Western Illinois,2018,66.84,-0.896097409673001
Nicholls,2018,66.08,-0.8987742846113105
Rhode Island,2018,62.64,-0.9108906659110269
Bethune-Cookman,2018,61.9,-0.9134970967720124
Furman,2018,59.57,-0.9217038317802505
Campbell,2018,58.46,-0.9256134780717288
Norfolk State,2018,56.44,-0.9327283298814459
Missouri State,2018,53.43,-0.9433301635186977
Weber State,2018,51.74,-0.94928268805257
Charleston Southern,2018,51.01,-0.9518538968748936
Montana,2018,49.16,-0.9583699740273572
Prairie View A&M,2018,47.1,-0.9656257139917224
Stephen F. Austin,2018,46.25,-0.9686195872779896
McNeese,2018,43.55,-0.9781295377167204
Abilene Christian,2018,43.1,-0.9797145294565088
North Carolina A&T,2018,39.98,-0.9907038055190424
Florida A&M,2018,39.57,-0.992147909104183
Murray State,2018,37.82,-0.9983117658700271
Cal Poly,2018,37.28,-1.0002137559577733
Western Carolina,2018,35.54,-1.0063423906849553
Morgan State,2018,35.38,-1.006905943303547
East Tennessee State,2018,35.09,-1.007927382424744
Northern Iowa,2018,34.7,-1.0093010419325605
Wagner,2018,32.77,-1.0160988953943202
UAlbany,2018,31.53,-1.0204664281884037
Butler,2018,31.53,-1.0204664281884037
North Carolina Central,2018,31,-1.0223331962374882
North Alabama,2018,30.02,-1.0257849560263608
The Citadel,2018,29.01,-1.0293423819312195
South Dakota State,2018,28.73,-1.0303285990137543
William & Mary,2018,28.69,-1.0304694871684024
Monmouth,2018,28.13,-1.0324419213334723
Tennessee Tech,2018,27.77,-1.0337099147253033
Princeton,2018,27.29,-1.0354005725810775
South Carolina State,2018,27.01,-1.0363867896636128
Houston Christian,2018,26.8,-1.037126452475514
Bryant,2018,24.33,-1.0458262960250198
North Dakota,2018,23.99,-1.0470238453395264
Indiana State,2018,23.88,-1.047411287764808
Central Arkansas,2018,23.59,-1.0484327268860052
Incarnate Word,2018,23.03,-1.0504051610510752
South Dakota,2018,22.43,-1.0525184833707932
Southern,2018,22.25,-1.0531524800667085
Delaware State,2018,21.32,-1.0564281296622715
Northwestern State,2018,20.95,-1.0577313450927643
Idaho State,2018,20.5,-1.0593163368325527
Sacramento State,2018,20.45,-1.0594924470258626
Alcorn State,2018,20.41,-1.0596333351805103
Eastern Washington,2018,19.95,-1.061253548958961
Sacred Heart,2018,19.62,-1.0624158762348057
Maine,2018,18.93,-1.0648461969024814
Howard,2018,17.6,-1.0695307280445228
Jacksonville,2018,17.49,-1.0699181704698044
Fordham,2018,15.33,-1.0775261308207893
Jackson State,2018,14.46,-1.0805904481843804
Gardner-Webb,2018,14.11,-1.081823219537549
Mercer,2018,13.96,-1.0823515501174787
Lamar,2018,13.91,-1.0825276603107883
Cornell,2018,13.71,-1.0832321010840278
Northern Colorado,2018,13.41,-1.0842887622438866
Stetson,2018,13.33,-1.0845705385531825
Harvard,2018,13.33,-1.0845705385531825
St. Francis (PA),2018,13,-1.0857328658290273
VMI,2018,11.9,-1.0896072900818436
Southern Utah,2018,11.84,-1.0898186223138155
Drake,2018,11.1,-1.092425053174801
Georgetown,2018,11.1,-1.092425053174801
Robert Morris,2018,9.24,-1.0989763523659266
Arkansas-Pine Bluff,2018,8.98,-1.0998921253711378
Dayton,2018,8.88,-1.1002443457577575
Holy Cross,2018,7.31,-1.1057742058276863
Central Connecticut,2018,7.09,-1.1065490906782496
Eastern Illinois,2018,6.75,-1.1077466399927562
Lehigh,2018,6.66,-1.1080636383407139
Elon,2018,6.66,-1.1080636383407139
Marist,2018,4.44,-1.1158829309236704
Yale,2018,3.3,-1.1198982433311346
Alabama,2019,984.96,2.2227892731173267
Ohio State,2019,973.56,2.183431059358798
Georgia,2019,960.16,2.137167895818072
USC,2019,915.56,1.9831875156750576
LSU,2019,906.17,1.9507687764476382
Florida State,2019,878.07,1.8537542320077576
Texas,2019,877.91,1.8532018360251814
Oklahoma,2019,869.53,1.824270096437772
Clemson,2019,863.03,1.8018290096456289
Penn State,2019,857.34,1.7821844275152758
Michigan,2019,853.4,1.7685816764443456
Texas A&M,2019,848.89,1.7530110146854894
Auburn,2019,843.93,1.7358867392256383
Notre Dame,2019,843.29,1.7336771552953352
Florida,2019,835.68,1.7074038213740719
Tennessee,2019,830.34,1.6889676054556035
Oregon,2019,817.7,1.6453283228321127
Miami,2019,815.12,1.6364209376130772
Washington,2019,801.33,1.5888113088648226
Stanford,2019,787.59,1.5413743038611225
South Carolina,2019,762.68,1.455373154323847
UCLA,2019,741.4,1.381904488641261
Mississippi State,2019,732.68,1.3517989075908778
Nebraska,2019,729.47,1.3407164631904505
Ole Miss,2019,717.92,1.3008403781982572
Arkansas,2019,707.72,1.2656251343090479
Maryland,2019,703.94,1.2525747792206938
North Carolina,2019,697.75,1.231203959644791
Virginia Tech,2019,696.39,1.2265085937928963
TCU,2019,691.63,1.2100748133112653
Michigan State,2019,688.74,1.2000971608759892
Arizona State,2019,686.44,1.1921564686264619
Wisconsin,2019,675.8,1.1554221357851684
Kentucky,2019,672.74,1.1448575626184057
Baylor,2019,668.9,1.1316000590365856
NC State,2019,668.85,1.1314274352920308
Illinois,2019,661.73,1.106845814067406
Louisville,2019,645.84,1.0519859880478435
Oklahoma State,2019,644.42,1.0470834737024828
Missouri,2019,642.83,1.0415940386256357
West Virginia,2019,639.11,1.0287508320307472
Pittsburgh,2019,637.95,1.0247459611570726
Iowa,2019,637.65,1.0237102186897427
Duke,2019,633.24,1.0084848044199963
Georgia Tech,2019,629.1,0.9941915583708467
Minnesota,2019,621.36,0.9674694027137406
Utah,2019,620.35,0.9639824030737306
Colorado,2019,614.27,0.9429913557358488
Northwestern,2019,612.62,0.9372947721655356
California,2019,611.58,0.9337041982787928
Purdue,2019,607.4,0.9192728532339989
Vanderbilt,2019,605.06,0.9111940619888271
Indiana,2019,603.81,0.9068784683749535
UCF,2019,598.57,0.8887874999455951
Houston,2019,597.62,0.885507648799051
Iowa State,2019,597.15,0.8838849856002344
Oregon State,2019,595.5,0.8781884020299212
Rutgers,2019,587.28,0.8498090584250876
Virginia,2019,580.28,0.8256417341873947
Texas Tech,2019,577.21,0.8150426362717211
Cincinnati,2019,576.61,0.8129711513370617
Syracuse,2019,574.82,0.8067912212819947
Arizona,2019,570.07,0.7903919655492745
SMU,2019,565.15,0.7734057890850673
Boston College,2019,564.95,0.7727152941068478
Wake Forest,2019,563.24,0.7668115620430684
Boise State,2019,561.42,0.7605280577412681
BYU,2019,560.78,0.7583184738109648
South Florida,2019,559.66,0.754451701932934
Washington State,2019,556.27,0.7427478120521085
Memphis,2019,551.97,0.727902170020383
Kansas State,2019,543.49,0.6986251829438637
Florida International,2019,532.88,0.6619944243493036
Kansas,2019,528.62,0.647286881313222
Florida Atlantic,2019,524.02,0.6314054968141667
Colorado State,2019,518.83,0.6134871521293632
San Diego State,2019,504.19,0.5629429197236742
Louisiana Tech,2019,501.25,0.5527926435438432
Marshall,2019,489.63,0.5126748853092731
Temple,2019,489.03,0.5106034003746136
Tulane,2019,486.98,0.5035258268478608
Western Kentucky,2019,486.97,0.50349130209895
Fresno State,2019,482.79,0.4890599570541562
UTSA,2019,471.36,0.44959816904889494
East Carolina,2019,468.23,0.4387919226397552
UNLV,2019,462.72,0.4197687859897999
Nevada,2019,461.96,0.4171449050725645
North Texas,2019,457.24,0.4008492235865775
Southern Miss,2019,456.29,0.3975693724400335
Western Michigan,2019,452.05,0.3829308789017738
Toledo,2019,451.43,0.38079034446929244
Middle Tennessee,2019,450.79,0.37858076053898915
Arkansas State,2019,447.87,0.3684995338569801
UAB,2019,441.81,0.3475775360169203
San José State,2019,433.33,0.318300548940401
Tulsa,2019,424.54,0.28795329464764113
Utah State,2019,424.16,0.2866413541890236
Hawai'i,2019,420.99,0.27569700878423975
Central Michigan,2019,416.63,0.2606442182590482
UConn,2019,412.55,0.24655812070336447
App State,2019,412.32,0.24576405147841163
Georgia Southern,2019,411.8,0.24396876453504024
Louisiana,2019,406.49,0.2256361228633047
New Mexico,2019,401.9,0.2097892631131603
Northern Illinois,2019,397.98,0.19625556154005247
Wyoming,2019,397.9,0.1959793635487644
Rice,2019,397.04,0.19301023514241947
Troy,2019,388.67,0.16411302030392105
Charlotte,2019,386.38,0.15620685280330435
South Alabama,2019,381.38,0.13894447834780949
Old Dominion,2019,374.74,0.11602004507091236
Georgia State,2019,369.05,0.09637546294055922
Miami (OH),2019,359.14,0.06216143676976833
Massachusetts,2019,358.88,0.06126379329808263
UTEP,2019,355.31,0.04893845793685933
Texas State,2019,348.47,0.025323529681742455
UL Monroe,2019,346.03,0.01689949094746078
Ohio,2019,337.17,-0.013689436587675954
Navy,2019,335.4,-0.019800317144921267
Ball State,2019,327.92,-0.045624829330341433
Eastern Michigan,2019,317.49,-0.08163414244450373
Bowling Green,2019,315.44,-0.08871171597125665
Kent State,2019,313.22,-0.09637621022949627
Akron,2019,312.81,-0.09779172493484693
Coastal Carolina,2019,305.73,-0.1222352471638276
Buffalo,2019,284.74,-0.19470269512799504
New Mexico State,2019,269.79,-0.2463171947499246
Army,2019,265.19,-0.26219857924897993
Sam Houston,2019,184.58,-0.5405025802204679
SE Louisiana,2019,178.38,-0.5619079245452816
Nicholls,2019,155.75,-0.6400374313308513
Chattanooga,2019,155.43,-0.641142223296003
Liberty,2019,153.48,-0.6478745493336461
Air Force,2019,151.86,-0.6534675586572263
Alabama State,2019,136.54,-0.7063594739888626
Towson,2019,135.03,-0.711572711074422
Duquesne,2019,129.11,-0.7320113624297279
Montana State,2019,120.95,-0.7601835575410956
Illinois State,2019,119.34,-0.7657420421157648
James Madison,2019,110.76,-0.7953642766813941
Jacksonville State,2019,108.58,-0.8028906719439899
Hampton,2019,104.67,-0.8163898487681867
Samford,2019,97.76,-0.8402464502656807
Campbell,2019,96.7,-0.8439060736502456
Murray State,2019,96,-0.8463228060740149
Richmond,2019,95.66,-0.8474966475369885
UT Martin,2019,93.72,-0.8541944488257205
Tennessee State,2019,92.64,-0.8579231217081075
Stephen F. Austin,2019,91.75,-0.8609958243611855
Idaho,2019,87.17,-0.8768081593624187
Kennesaw State,2019,86.45,-0.8792939412840101
McNeese,2019,86.21,-0.8801225352578739
Eastern Kentucky,2019,86.14,-0.8803642085002508
Southeast Missouri State,2019,83.35,-0.8899966134464168
Delaware,2019,77.11,-0.9115400567668743
Western Illinois,2019,70.98,-0.932703727849311
William & Mary,2019,70.28,-0.9351204602730805
Southern Illinois,2019,69.8,-0.9367776482208079
North Carolina A&T,2019,69.44,-0.9380205391816036
Florida A&M,2019,69.36,-0.9382967371728914
Youngstown State,2019,67.72,-0.9439587959942937
Northwestern State,2019,67.5,-0.9447183404703355
Grambling,2019,67.45,-0.9448909642148905
Stony Brook,2019,66.41,-0.9484815381016335
Montana,2019,65.83,-0.9504839735384708
East Tennessee State,2019,61.69,-0.9647772195876205
Bethune-Cookman,2019,60.9,-0.9675046747515889
Austin Peay,2019,58.68,-0.9751691690098284
Weber State,2019,53.55,-0.9928803652011661
Norfolk State,2019,52.48,-0.996574513334642
Southern,2019,52.19,-0.9975757310530607
North Dakota State,2019,50.79,-1.0024091959005992
Incarnate Word,2019,47.36,-1.0142511847770688
Abilene Christian,2019,46.84,-1.01604647172044
Missouri State,2019,44.24,-1.0250229064372975
Jackson State,2019,44.19,-1.0251955301818525
North Alabama,2019,43.9,-1.0261967479002714
North Carolina Central,2019,43.62,-1.027163440869779
South Dakota,2019,42.81,-1.029959945531569
Prairie View A&M,2019,42.01,-1.0327219254444484
Lamar,2019,41.39,-1.0348624598769296
Tennessee Tech,2019,41.07,-1.0359672518420813
UAlbany,2019,40.43,-1.0381768357723846
Texas Southern,2019,40.03,-1.0395578257288243
Idaho State,2019,39.63,-1.040938815685264
Central Arkansas,2019,38.51,-1.0448055875632947
Fordham,2019,38.15,-1.0460484785240904
Northern Iowa,2019,37.29,-1.0490176069304353
Southern Utah,2019,35.09,-1.056613051690853
Northern Arizona,2019,35,-1.056923774431052
South Carolina State,2019,32.5,-1.0655549616587996
Charleston Southern,2019,32.36,-1.0660383081435534
Portland State,2019,30.88,-1.07114797098238
Maine,2019,30.23,-1.0733920796615941
Alcorn State,2019,29.54,-1.0757742873364524
Arkansas-Pine Bluff,2019,29.07,-1.077396950535269
Cal Poly,2019,28.91,-1.0779493465178447
Princeton,2019,27.29,-1.083542355841425
Robert Morris,2019,26.82,-1.0851650190402418
Houston Christian,2019,26.8,-1.0852340685380637
Eastern Illinois,2019,24.67,-1.0925878400561044
Indiana State,2019,24.51,-1.0931402360386804
Furman,2019,24.31,-1.0938307310169
Morgan State,2019,23.32,-1.097248681159088
Elon,2019,18.77,-1.1129574419135884
Sacramento State,2019,18.35,-1.11440748136785
Wagner,2019,17.91,-1.1159265703199335
Jacksonville,2019,17.49,-1.117376609774195
South Dakota State,2019,17.26,-1.118170678999148
Monmouth,2019,15.76,-1.1233493913357964
Rhode Island,2019,15.55,-1.124074411062927
Delaware State,2019,15.41,-1.1245577575476808
Sacred Heart,2019,15.08,-1.1256970742617436
Eastern Washington,2019,14.8,-1.1266637672312512
Gardner-Webb,2019,14.72,-1.1269399652225391
Lehigh,2019,13.9,-1.1297709946332404
Alabama A&M,2019,13.54,-1.131013885594036
Northern Colorado,2019,13.41,-1.1314627073298789
North Dakota,2019,13.24,-1.1320496280613657
St. Francis (PA),2019,13.03,-1.1327746477884966
Mercer,2019,12.14,-1.1358473504415747
Butler,2019,11.61,-1.137677162133857
Drake,2019,11.1,-1.1394379243283175
Brown,2019,9.44,-1.1451690326475419
Central Connecticut,2019,8.93,-1.1469297948420023
Western Carolina,2019,8.58,-1.148138161053887
Wofford,2019,7.83,-1.1507275172222111
Holy Cross,2019,7.31,-1.1525228041655826
Georgetown,2019,6.66,-1.1547669128447968
Mississippi Valley State,2019,6.66,-1.1547669128447968
Bryant,2019,6.3,-1.1560098038055926
Georgia,2020,990.47,2.219064339919105
Alabama,2020,985.86,2.2032319930085236
Ohio State,2020,976.48,2.1710178034160617
Clemson,2020,915.57,1.961831631979296
Texas,2020,892.91,1.8840092933689345
Texas A&M,2020,875.1,1.8228435453261045
LSU,2020,873.23,1.8164213134990357
Oklahoma,2020,866.36,1.7928273388188423
Notre Dame,2020,866.21,1.7923121865332488
USC,2020,853.16,1.7474939376865928
Penn State,2020,850.7,1.7390454402028557
Auburn,2020,844.78,1.7187140966647558
Tennessee,2020,844.16,1.7165848005509683
Michigan,2020,832.65,1.6770554485030753
Florida State,2020,832.59,1.676849387588838
Miami,2020,822.41,1.6418877191398757
Oregon,2020,816.74,1.6224149627444324
Washington,2020,815.23,1.6172290964027887
Florida,2020,809.32,1.5969320963503955
Stanford,2020,801.6,1.5704189253851708
South Carolina,2020,771.64,1.4675258422092472
Arizona State,2020,743.24,1.3699903428034987
North Carolina,2020,740.19,1.3595155796630927
Mississippi State,2020,739.3,1.3564590094352362
Nebraska,2020,733.39,1.3361620093828428
Arkansas,2020,719.15,1.2872568857371436
Kentucky,2020,716.65,1.2786710143105813
TCU,2020,712.31,1.2637659415140687
Ole Miss,2020,702.2,1.229044677465051
Georgia Tech,2020,684.42,1.167981959879339
NC State,2020,680.31,1.1538667872540704
Wisconsin,2020,676.48,1.1407132322285771
Michigan State,2020,673.43,1.1302384690881708
Virginia Tech,2020,670.7,1.120862697490365
UCLA,2020,660.71,1.0865535552698218
Pittsburgh,2020,653.05,1.0602464452188343
Utah,2020,649.86,1.0492908732785409
Maryland,2020,646.29,1.0370302488814098
Illinois,2020,644.09,1.029474682026035
Purdue,2020,644.03,1.0292686211117974
Baylor,2020,642.13,1.02274335882761
Oklahoma State,2020,639.23,1.0127837479727977
Iowa,2020,631.81,0.9873008815787604
West Virginia,2020,631.27,0.985446333350623
Colorado,2020,630.39,0.9824241066084731
Northwestern,2020,629.84,0.9805352148946296
Missouri,2020,627.24,0.9716059086110046
Louisville,2020,621.82,0.9529917393582176
Texas Tech,2020,619.6,0.94536748553143
Duke,2020,617.12,0.9368503010762801
Oregon State,2020,616.25,0.9338624178198364
Indiana,2020,611.17,0.9164159270810616
Houston,2020,608.28,0.9064906597119554
Vanderbilt,2020,607.68,0.9044300505695804
SMU,2020,604.59,0.8938179134863496
Iowa State,2020,602.96,0.888219925316231
Boston College,2020,602.69,0.8872926512021623
Cincinnati,2020,600.61,0.8801492061752623
California,2020,599.17,0.8752037442335622
Minnesota,2020,594.7,0.859852206122869
UCF,2020,593.07,0.85425421795275025
Rutgers,2020,588.56,0.8387653058992314
Virginia,2020,588.54,0.838696618927819
Memphis,2020,587.17,0.8339915613860628
Syracuse,2020,578.28,0.803460202593207
Wake Forest,2020,577.3,0.8000945409939945
Boise State,2020,571.21,0.7791793581988888
Kansas State,2020,560.96,0.7439772853499831
Kansas,2020,546.08,0.6928741786190838
South Florida,2020,538.18,0.6657428249111464
East Carolina,2020,528.47,0.6323953002903785
Arizona,2020,526.23,0.6247023594921786
Tulane,2020,526.19,0.6245649855493537
Washington State,2020,516.96,0.5928659482424854
BYU,2020,510.95,0.5722255133330293
Florida Atlantic,2020,488.99,0.4968072187221055
Temple,2020,482.14,0.4732819310133245
Florida International,2020,480.5,0.4676495993574996
Tulsa,2020,470.03,0.4316919698230563
Louisiana Tech,2020,467.46,0.4228656939965502
Charlotte,2020,462.29,0.4051101118864194
UTSA,2020,458.03,0.3904797869755569
San Diego State,2020,454.6,0.3786999713783135
Western Kentucky,2020,447.91,0.3557241794408326
UNLV,2020,447.31,0.3536635702984576
Colorado State,2020,446.94,0.35239286132732633
Fresno State,2020,440.1,0.32890191710425176
North Texas,2020,415.68,0.24503512500959046
Marshall,2020,408.98,0.22202498958640335
Middle Tennessee,2020,405.4,0.2097300217035659
Southern Miss,2020,401.05,0.1947906054213475
Nevada,2020,400.84,0.19406939222151612
Utah State,2020,400.78,0.19386333130727862
San José State,2020,397.99,0.18428149879523514
Hawai'i,2020,393.56,0.1690673346273666
Toledo,2020,391.54,0.16212995051470425
Arkansas State,2020,389.49,0.15508953594492308
UAB,2020,383.56,0.1347238489211171
Western Michigan,2020,382.78,0.13204505703602953
Texas State,2020,382.6,0.13142687429331723
App State,2020,382.58,0.1313581873219046
Louisiana,2020,378.95,0.11889150201053604
Rice,2020,358.95,0.050204530598037075
Wyoming,2020,352.91,0.029461065231462507
Old Dominion,2020,350.91,0.02259236809021261
Central Michigan,2020,350.35,0.02066913289066263
UConn,2020,347.5,0.010881239464381449
New Mexico,2020,340.16,-0.014326879044005588
Georgia Southern,2020,335.43,-0.030571347783061656
Georgia State,2020,333.22,-0.03816125812414272
Troy,2020,323.67,-0.07095928697361102
Ohio,2020,304.79,-0.13579978798701003
UTEP,2020,297.36,-0.16131699786675344
UL Monroe,2020,286.74,-0.1977897796867904
Kent State,2020,270.29,-0.25428481367357075
Navy,2020,266.19,-0.26836564281313313
South Alabama,2020,265.69,-0.2700828170984456
Northern Illinois,2020,262.67,-0.2804545497817329
Miami (OH),2020,259.14,-0.2925778002360391
Ball State,2020,257.94,-0.29669901852078895
Buffalo,2020,252.86,-0.31414550925956364
Massachusetts,2020,246.83,-0.33485463114043207
Eastern Michigan,2020,246.82,-0.3348889746261384
Akron,2020,232.81,-0.3830041981005939
Bowling Green,2020,215.06,-0.44396388522918673
Coastal Carolina,2020,213.39,-0.44969924734213046
Liberty,2020,158.93,-0.636733870498365
Army,2020,152.03,-0.6604308756356773
Chattanooga,2020,150.93,-0.6642086590633647
Austin Peay,2020,149.28,-0.6698753342048959
Eastern Kentucky,2020,148.05,-0.6740995829467645
Texas Southern,2020,143.43,-0.6899662733430518
New Mexico State,2020,143.36,-0.6902066777429955
Towson,2020,142.39,-0.6935379958565018
Alabama State,2020,136.54,-0.7136289349946577
James Madison,2020,118.89,-0.7742451872661881
North Carolina A&T,2020,116.79,-0.7814573192645003
Florida A&M,2020,102.58,-0.830259412453081
Stephen F. Austin,2020,99.93,-0.839360436165237
Southern Illinois,2020,96.82,-0.8500412602198807
Grambling,2020,95.67,-0.8539907610760993
Campbell,2020,93.73,-0.8606533973031117
Prairie View A&M,2020,91.02,-0.8699604819295055
Missouri State,2020,85.24,-0.8898110166677176
Incarnate Word,2020,81.78,-0.90169386272208
Sam Houston,2020,81.65,-0.9021403280362612
Tennessee State,2020,80.11,-0.9074292248350235
Abilene Christian,2020,79.83,-0.9083908424347986
Bethune-Cookman,2020,76.68,-0.9192090404322671
Montana State,2020,76.41,-0.920136314546336
UT Martin,2020,72.15,-0.9347666394571983
Maine,2020,72.07,-0.9350413873428481
Air Force,2020,71.92,-0.9355565396284419
Samford,2020,70.54,-0.9402959406559043
Stony Brook,2020,68.32,-0.9479201944826917
Illinois State,2020,67.52,-0.9506676733391918
Weber State,2020,66.96,-0.9525909085387417
North Dakota State,2020,61.62,-0.9709303299058789
East Tennessee State,2020,60.39,-0.9751545786477476
SE Louisiana,2020,58.98,-0.9799970101323286
Elon,2020,55.95,-0.9904030863013223
Portland State,2020,55.65,-0.9914333908725099
Montana,2020,53.39,-0.9991950186421222
Western Illinois,2020,53.01,-1.0005000710989598
Norfolk State,2020,52.48,-1.002320275841391
Alabama A&M,2020,52.37,-1.0026980541841597
UC Davis,2020,50.8,-1.0080899814400408
Richmond,2020,49.75,-1.011696047439197
Idaho,2020,47.38,-1.0198354535515781
North Alabama,2020,46.88,-1.0215526278368907
Murray State,2020,44.74,-1.028902133778028
North Carolina Central,2020,43.62,-1.0327486041771279
Duquesne,2020,42.21,-1.0375910356617093
Northern Arizona,2020,41.84,-1.0388617446328403
Southeast Missouri State,2020,41.44,-1.0402354840610903
Youngstown State,2020,35.85,-1.0594334925708837
Hampton,2020,33.45,-1.0676759291403837
Idaho State,2020,32.78,-1.0699769426827024
South Carolina State,2020,32.5,-1.0709385602824775
Northern Colorado,2020,31.63,-1.073926443538921
Northern Iowa,2020,30.66,-1.0772577616524273
UAlbany,2020,30.44,-1.0780133183379648
Eastern Washington,2020,30.41,-1.0781163487950833
Furman,2020,30.39,-1.0781850357664962
Sacramento State,2020,30.24,-1.0787001880520897
Delaware,2020,29.77,-1.0803143318802835
Alcorn State,2020,29.54,-1.0811042320515272
Monmouth,2020,28.91,-1.083267871651021
Rhode Island,2020,28.5,-1.0846759545649771
Gardner-Webb,2020,28.16,-1.0858436330789896
Robert Morris,2020,26.82,-1.0904456601636272
Houston Christian,2020,26.8,-1.0905143471350396
South Dakota,2020,26.27,-1.092334551877471
Mercer,2020,25.92,-1.0935365738771894
Eastern Illinois,2020,25.8,-1.0939486957056646
Tennessee Tech,2020,25.67,-1.0943951610198457
Cal Poly,2020,25.44,-1.0951850611910896
Central Arkansas,2020,24.08,-1.0998557752471394
The Citadel,2020,23.94,-1.100336584047027
Northwestern State,2020,23.16,-1.1030153759321144
Fordham,2020,22.86,-1.1040456805033019
Southern,2020,22.17,-1.106415381017033
Indiana State,2020,22.02,-1.106930533302627
Wagner,2020,20.43,-1.1123911475299204
Jacksonville,2020,17.49,-1.1224881323275577
Kennesaw State,2020,16.24,-1.126781068040839
Arkansas-Pine Bluff,2020,15.35,-1.1298376382686952
Sacred Heart,2020,14.46,-1.1328942084965514
Lamar,2020,13.33,-1.1367750223813577
Western Carolina,2020,12.53,-1.1395225012378578
William & Mary,2020,12.39,-1.1400033100377451
Brown,2020,9.44,-1.1501346383210886
Central Connecticut,2020,8.93,-1.1518861560921074
St. Francis (PA),2020,8.83,-1.15222959094917
Wofford,2020,7.83,-1.155663939519795
New Hampshire,2020,7.81,-1.1557326264912073
Yale,2020,7.81,-1.1557326264912073
Bryant,2020,6.3,-1.160918492832851
Morgan State,2020,3.8,-1.1695043642594134
Alabama,2021,1004.04,2.234406279375521
Georgia,2021,1001.79,2.226599026714868
Ohio State,2021,985.09,2.1686518625224678
Clemson,2021,935.08,1.9951226600516936
LSU,2021,903.72,1.8863069074125522
Oklahoma,2021,895.38,1.8573680242170656
Texas A&M,2021,888.35,1.8329746970151153
Oregon,2021,885.75,1.8239529828294725
Florida,2021,885.67,1.8236753916237598
USC,2021,874.5,1.784916719526209
Texas,2021,874.19,1.7838410536040747
Notre Dame,2021,853.1,1.7106610719982231
Miami,2021,841.45,1.670236852666399
Auburn,2021,840.38,1.6665240702899997
Michigan,2021,832.6,1.6395283255344983
Penn State,2021,820.72,1.598306031486252
North Carolina,2021,798.29,1.5204763971847228
Washington,2021,789.51,1.4900107623578205
Tennessee,2021,780.83,1.459892116538058
Florida State,2021,769.76,1.4214804334476467
Wisconsin,2021,750.89,1.356003607800306
South Carolina,2021,747.88,1.3455592386853883
UCLA,2021,746.02,1.339105243152582
Stanford,2021,745.3,1.3366069223011732
Nebraska,2021,743.7,1.3310550981869316
Arizona State,2021,734.45,1.2989586150264703
Ole Miss,2021,732.02,1.2905267821529651
Arkansas,2021,722.84,1.2586731912975022
Mississippi State,2021,716.17,1.235529024521256
Kentucky,2021,709.07,1.2108928050143077
Utah,2021,707.72,1.206208453417916
Georgia Tech,2021,707.35,1.2049245940914977
Maryland,2021,705.79,1.1995115655801116
NC State,2021,700.36,1.1806700624924031
TCU,2021,698.52,1.1742854647610248
Michigan State,2021,677.07,1.0998563227294693
Pittsburgh,2021,668.67,1.0707092461296988
Indiana,2021,664.25,1.0553723320141057
Virginia Tech,2021,663.78,1.053741483680547
California,2021,662.11,1.0479467672613072
Baylor,2021,660.65,1.0428807277570613
Iowa,2021,657.39,1.0315688861242933
Minnesota,2021,653.25,1.0172035412286924
Northwestern,2021,648.79,1.001727831510243
Missouri,2021,647.74,0.9980844469352719
Purdue,2021,644.23,0.9859051327846536
Colorado,2021,640.85,0.9741769043433176
Oregon State,2021,640.66,0.9735176252297512
UCF,2021,639.06,0.9679658011155091
Boston College,2021,636.46,0.9589440869298663
Illinois,2021,630.16,0.9370837794800385
Cincinnati,2021,626.54,0.9245227774215662
Virginia,2021,619.61,0.900476439226756
Oklahoma State,2021,613.69,0.879934690004061
Iowa State,2021,613.6,0.8796223998976348
West Virginia,2021,611.29,0.8716069538326978
Vanderbilt,2021,609.82,0.8665062154277383
Louisville,2021,607.77,0.8593929407813656
Texas Tech,2021,607.1,0.8570681144335269
Duke,2021,605.57,0.8517591826242832
Washington State,2021,601.16,0.8364569674094036
Wake Forest,2021,589.19,0.7949223832547315
SMU,2021,576.03,0.7492586299150914
Rutgers,2021,573.14,0.7392306476087419
Memphis,2021,572.13,0.7357260586366268
Houston,2021,571.21,0.7325337597709378
Kansas State,2021,569.65,0.7271207312595517
Arizona,2021,567.61,0.7200421555138934
Syracuse,2021,567.19,0.718584801683905
Boise State,2021,557.69,0.6856208460055936
Florida Atlantic,2021,553.28,0.670318630790714
Kansas,2021,548.1,0.6523446002208559
South Florida,2021,540.51,0.6260081345789207
Western Kentucky,2021,524.97,0.5720860428693461
Florida International,2021,520.69,0.5572349133637491
Louisiana Tech,2021,520.48,0.5565062364487546
East Carolina,2021,516.06,0.5411693223331611
UTSA,2021,508.77,0.5158738237126465
Temple,2021,501.4,0.49030073388641954
North Texas,2021,496.31,0.4726389934229875
Middle Tennessee,2021,494.02,0.4646929451594787
Fresno State,2021,483.77,0.42912657192761633
Arkansas State,2021,475.74,0.40126335465426477
Tulsa,2021,470.49,0.38304643177940845
Southern Miss,2021,465.94,0.36725843195453295
Toledo,2021,465.4,0.36538469131597623
Tulane,2021,463.02,0.3571263529460414
Charlotte,2021,462.67,0.35591189142105106
Marshall,2021,456.97,0.3361335180140642
App State,2021,450.04,0.3120871798192539
Troy,2021,448.77,0.3076804194285742
UAB,2021,444.37,0.292412903114409
Colorado State,2021,443.16,0.2882143361280136
BYU,2021,443.13,0.2881102394258715
San Diego State,2021,441.63,0.28290540431876965
Louisiana,2021,435.63,0.26208606389036243
Texas State,2021,428.48,0.23727634987984392
Nevada,2021,421.64,0.21354230179145955
Rice,2021,419.65,0.20663722054937114
Coastal Carolina,2021,415.91,0.1936598316823308
South Alabama,2021,415.07,0.1907451240223537
Georgia State,2021,413.91,0.1867200515395284
San José State,2021,410.81,0.17596339231818459
Old Dominion,2021,409.31,0.17075855721108277
Hawai'i,2021,397.43,0.1295362631628365
Western Michigan,2021,396.47,0.1262051686942914
Utah State,2021,394.37,0.1189183995443488
UNLV,2021,392.44,0.11222151170654446
Georgia Southern,2021,383.76,0.08210286588678198
Bowling Green,2021,380.74,0.0716237978711504
Miami (OH),2021,378.03,0.06222039577765302
New Mexico,2021,360.77,0.002330093145268275
Kent State,2021,357.85,-0.007801985863223098
Northern Illinois,2021,354.21,-0.02043238572312363
Eastern Michigan,2021,340.6,-0.06765758959489386
Ball State,2021,338.31,-0.0756036378584027
Ohio,2021,332.25,-0.09663117169109399
UConn,2021,331.9,-0.0978456332160845
Akron,2021,330.97,-0.10107263098248744
Wyoming,2021,326.65,-0.11606255609094082
UTEP,2021,318.65,-0.14382167666215045
UL Monroe,2021,312.31,-0.165820779714834
Central Michigan,2021,268.89,-0.3164834066150743
Buffalo,2021,267.09,-0.3227292087435965
SE Louisiana,2021,231.02,-0.44788814361903784
Massachusetts,2021,227.21,-0.4611084247910764
Eastern Kentucky,2021,222.5,-0.4774516070273761
Missouri State,2021,205.25,-0.5373072107590469
Chattanooga,2021,193.46,-0.5782172147008671
Nicholls,2021,189.98,-0.5902924321493433
McNeese,2021,182.46,-0.6163860054862803
Jackson State,2021,173.86,-0.6462270601003306
Northern Colorado,2021,156.11,-0.707817608867702
Jacksonville State,2021,155.11,-0.7112874989391031
Liberty,2021,154.75,-0.7125366593648077
UT Martin,2021,149.55,-0.7305800877360938
North Carolina A&T,2021,132.73,-0.7889436387370622
Towson,2021,130.7,-0.7959875155820066
Florida A&M,2021,127.97,-0.8054603154769319
Navy,2021,127.63,-0.8066400781012083
Rhode Island,2021,127.52,-0.8070217660090625
Northwestern State,2021,126.22,-0.811532623101884
North Alabama,2021,123.39,-0.8213524120039495
Idaho,2021,122.44,-0.8246488075717806
Southern,2021,120.88,-0.8300618360831664
New Mexico State,2021,117.43,-0.8420329568295005
Weber State,2021,116.62,-0.8448435677873356
Stephen F. Austin,2021,115.81,-0.8476541787451706
Northern Arizona,2021,115.62,-0.8483134578587368
Army,2021,111.53,-0.8625053082507677
Sam Houston,2021,111.5,-0.8626094049529097
Northern Iowa,2021,108.66,-0.8724638927556891
Campbell,2021,108.65,-0.8724985916564032
Southern Illinois,2021,107.83,-0.8753439015149522
Murray State,2021,104.85,-0.8856841739277278
James Madison,2021,102.89,-0.8924851584676742
Abilene Christian,2021,96.46,-0.9147965516267839
Maine,2021,95,-0.9198625911310296
Montana,2021,94.99,-0.9198972900317436
Montana State,2021,92.72,-0.9277739404938244
Youngstown State,2021,90.76,-0.9345749250337707
Tennessee State,2021,88.82,-0.9413065117722891
Eastern Illinois,2021,87.86,-0.9446376062408341
Austin Peay,2021,87.48,-0.9459561644679666
Western Illinois,2021,82.24,-0.964138388442109
Portland State,2021,81.34,-0.9672612895063701
North Carolina Central,2021,80.58,-0.969898405960635
Cal Poly,2021,80.3,-0.9708699751806272
Stony Brook,2021,80.27,-0.9709740718827694
Duquesne,2021,77.09,-0.9820083223098253
Alcorn State,2021,71.95,-0.9998435572768274
Idaho State,2021,71.55,-1.0012315133053877
Sacramento State,2021,71.2,-1.0024459748303782
Bethune-Cookman,2021,70.64,-1.004389113270363
Samford,2021,70.11,-1.0062281550082055
Central Arkansas,2021,68.32,-1.0124392582360138
Texas Southern,2021,62.7,-1.0319400404372885
Gardner-Webb,2021,58.53,-1.0464094820350314
Western Carolina,2021,57.52,-1.0499140710071468
Eastern Washington,2021,57.26,-1.050816242425711
Prairie View A&M,2021,56.79,-1.0524470907592696
Incarnate Word,2021,54.6,-1.0600461500156382
UC Davis,2021,51.38,-1.0712191960455502
Illinois State,2021,51.04,-1.0723989586698264
North Dakota State,2021,50.33,-1.0748625806205214
East Tennessee State,2021,49.58,-1.0774649981740723
Alabama A&M,2021,49.54,-1.0776037937769283
South Dakota,2021,46.05,-1.0897137101261185
Indiana State,2021,45.15,-1.0928366111903798
Morgan State,2021,44.52,-1.0950226419353624
Elon,2021,43.03,-1.10019277814175
Furman,2021,39.37,-1.1128925758030785
William & Mary,2021,38.56,-1.1157031867609135
San Diego,2021,37.37,-1.119832355945881
Lehigh,2021,36.97,-1.1212203119744415
Kennesaw State,2021,36.62,-1.1224347734994318
Richmond,2021,35.81,-1.1252453844572667
Charleston Southern,2021,34.78,-1.1288193712308099
Hampton,2021,33.45,-1.1334343250257737
Air Force,2021,30.32,-1.1442950809492596
Delaware,2021,29.77,-1.1462035204885301
Southeast Missouri State,2021,26.12,-1.1588686192491444
Sacred Heart,2021,24.95,-1.162928390632684
UAlbany,2021,24.67,-1.1638999598526762
Yale,2021,24.05,-1.166051291696945
The Citadel,2021,23.94,-1.1664329796047992
Mercer,2021,23.81,-1.1668840653140813
Fordham,2021,22.86,-1.1701804608819124
Lafayette,2021,22.41,-1.1717419114140428
Wagner,2021,21.98,-1.1732339641447453
Tennessee Tech,2021,19.2,-1.182880258543241
Tarleton State,2021,18.04,-1.1869053310260662
Jacksonville,2021,17.49,-1.1888137705653368
Arkansas-Pine Bluff,2021,15.35,-1.1962393353181353
Bryant,2021,14.59,-1.1988764517724004
Valparaiso,2021,14.28,-1.199952117694535
Stetson,2021,14.06,-1.200715493510243
South Dakota State,2021,13.27,-1.20345670666665
Monmouth,2021,13.17,-1.20380369567379
Brown,2021,9.44,-1.2167463856401166
Wofford,2021,7.83,-1.2223329086550725
New Hampshire,2021,7.81,-1.2224023064565006
St. Francis (PA),2021,7.3,-1.2241719503929152
Houston Christian,2021,5.41,-1.2307300426278633
Alabama,2022,1016.79,2.2797494668451685
Georgia,2022,989.76,2.185890049373013
Ohio State,2022,983.14,2.1629026522710646
Texas A&M,2022,947.3,2.0384512456043216
Clemson,2022,943,2.023519854737497
Texas,2022,887.45,1.8306271192370074
Oregon,2022,877.93,1.7975697143411535
LSU,2022,872.61,1.7790964586640592
Oklahoma,2022,870.34,1.7712140732529682
Notre Dame,2022,866.48,1.7578105456376325
USC,2022,860.12,1.7357259768206548
Florida,2022,856.95,1.7247184165769724
Miami,2022,854.72,1.7169749278251076
Michigan,2022,847.24,1.691001252549794
Penn State,2022,830.44,1.6326646556747586
North Carolina,2022,812.94,1.571897367263263
Auburn,2022,783.87,1.4709542201705672
Florida State,2022,780.76,1.4601550049157244
Tennessee,2022,764.8,1.4047352378844404
South Carolina,2022,762.63,1.397200094121415
Washington,2022,761.72,1.3940401951240173
Stanford,2022,757.81,1.3804630466846488
Ole Miss,2022,757.39,1.3790046317627729
Nebraska,2022,752.12,1.3607049969097114
Wisconsin,2022,744.44,1.3340368383382666
Arkansas,2022,741.06,1.3223000706336459
Kentucky,2022,737.33,1.309347957160796
UCLA,2022,733.3,1.2953541187437485
Mississippi State,2022,725.55,1.2684428910186576
Georgia Tech,2022,715.48,1.233475657058443
Missouri,2022,715.36,1.2330589670807643
TCU,2022,712.05,1.2215652685297897
Utah,2022,705.12,1.1975014223188378
Michigan State,2022,693.91,1.158575633570674
NC State,2022,686.19,1.131768578340003
Iowa,2022,681.98,1.1171497049564376
Indiana,2022,680.74,1.112843908520423
Maryland,2022,680.22,1.1110382519504813
Oklahoma State,2022,670.53,1.0773905362529161
Arizona State,2022,670.18,1.0761751904846861
Baylor,2022,666.05,1.0618341104195732
Boston College,2022,664.63,1.0569032790170405
West Virginia,2022,662.57,1.0497501010668875
Texas Tech,2022,660.31,1.0419024398206025
Pittsburgh,2022,654.56,1.0219360450568256
Northwestern,2022,653.48,1.0181858352577164
California,2022,653.31,1.0175955244560044
Arizona,2022,652.06,1.0132550038551833
Cincinnati,2022,650.89,1.009192276572815
Minnesota,2022,649.43,1.0041225485110556
Purdue,2022,646.08,0.9924899533008554
Virginia Tech,2022,640.85,0.9743292151070199
UCF,2022,636.16,0.958043581812739
Oregon State,2022,635.88,0.9570713051981551
Rutgers,2022,631.47,0.9417579485184584
Illinois,2022,631.46,0.9417232243536519
Vanderbilt,2022,629.76,0.935820116336535
Houston,2022,629.12,0.9335977697889146
Virginia,2022,625.94,0.9225554853804259
Louisville,2022,625.42,0.920749828810484
Colorado,2022,616.28,0.8890119421772801
Duke,2022,603.98,0.8463012194652006
SMU,2022,598.49,0.8272376529863943
Jackson State,2022,590.92,0.8009514602278215
Iowa State,2022,590.43,0.7992499761522996
Syracuse,2022,590.36,0.7990069069986538
Kansas State,2022,584.68,0.7792835813885225
Wake Forest,2022,575.42,0.7471290047776398
South Florida,2022,574.32,0.7433093466489176
Kansas,2022,574.29,0.7432051741544976
Washington State,2022,570.94,0.7315725789442973
Florida Atlantic,2022,550.51,0.660631110244477
Boise State,2022,533.92,0.6030237208303791
Memphis,2022,533.26,0.6007319259531457
Tulane,2022,521.86,0.5611463780736573
UTSA,2022,515.76,0.5399646375416502
Temple,2022,505.48,0.5042681961204976
North Texas,2022,504.97,0.5024972637153626
Fresno State,2022,502.26,0.49308701505278235
Toledo,2022,498.98,0.4816974889962279
Western Kentucky,2022,495.64,0.47009961795083377
East Carolina,2022,494.82,0.4672522364366951
Charlotte,2022,487.24,0.440931319513316
Tulsa,2022,485.87,0.43617410893481606
Southern Miss,2022,478.97,0.41221443521828366
Louisiana Tech,2022,473.76,0.3941231453540612
Georgia State,2022,471.84,0.38745610571119987
Arkansas State,2022,471.65,0.3867963465798751
South Alabama,2022,466.34,0.368357815067587
Texas State,2022,464.66,0.36252415538008365
Troy,2022,464.3,0.36127408544704714
Florida International,2022,459.71,0.3453356938008319
Louisiana,2022,458.15,0.33991872409100715
App State,2022,456.66,0.3347448235348286
Akron,2022,456.15,0.3329738911296934
Marshall,2022,455.3,0.33002233712113516
Western Michigan,2022,449.89,0.31123656396078136
Coastal Carolina,2022,446.58,0.29974286540980705
UAB,2022,443.8,0.290089547593581
Rice,2022,441.93,0.2835961287747526
Old Dominion,2022,438.06,0.27015787699461047
Colorado State,2022,431.38,0.24696213490382246
Middle Tennessee,2022,425.43,0.22630125684391406
Hawai'i,2022,419.54,0.20584872377284505
San José State,2022,417.95,0.2003275815686005
Nevada,2022,416.44,0.19508423268280864
BYU,2022,415.19,0.19074371208198754
Bowling Green,2022,415.08,0.19036174626911523
Georgia Southern,2022,414.14,0.18709767477729777
Northern Illinois,2022,409.86,0.1722357322400864
Eastern Michigan,2022,404.1,0.1522346133115028
Miami (OH),2022,397.26,0.1284832845838096
Kent State,2022,386.94,0.09264794650343058
Central Michigan,2022,384.48,0.08410580196101472
San Diego State,2022,372.29,0.041777045061807315
Utah State,2022,371.37,0.038582421899602926
Buffalo,2022,370.96,0.03715873114253352
UNLV,2022,368.29,0.027887379139179783
Ohio,2022,365.74,0.01903271711350469
UL Monroe,2022,348.53,-0.040727570518600396
Ball State,2022,345.29,-0.05197819991592854
New Mexico,2022,312.79,-0.16483173553727726
Alabama A&M,2022,293.63,-0.23136323530666322
Massachusetts,2022,292.14,-0.236537135862842
Wyoming,2022,292.03,-0.2369191016757143
UTEP,2022,289.39,-0.24608628118464843
Abilene Christian,2022,260.16,-0.347585014914249
Missouri State,2022,251.03,-0.3792881773826464
UConn,2022,239.17,-0.4204710368432371
Chattanooga,2022,237.41,-0.42658248984919317
Jacksonville State,2022,229.74,-0.45321592425583146
Northern Colorado,2022,227.83,-0.45984823973388606
Eastern Kentucky,2022,224.82,-0.47030021334066335
Florida A&M,2022,223.82,-0.47377262982132023
Grambling,2022,221.26,-0.48266201601180186
Alabama State,2022,208.22,-0.5279423269195677
Bethune-Cookman,2022,205.68,-0.5367622647804361
Sam Houston,2022,200.06,-0.5562772454017277
Tennessee State,2022,194.56,-0.5753755360453406
New Mexico State,2022,189.37,-0.5933973775799498
Northern Iowa,2022,185.49,-0.6068703535248985
Southern Illinois,2022,183.5,-0.6137804623214058
Southern,2022,178.64,-0.6306564064173983
Towson,2022,178.36,-0.631628683031982
SE Louisiana,2022,166.75,-0.6719434383724086
Liberty,2022,161.88,-0.6888541066332076
Rhode Island,2022,158.52,-0.7005214260082147
McNeese,2022,155.54,-0.7108692271205722
North Carolina A&T,2022,142.63,-0.7556981238858526
Northwestern State,2022,134.66,-0.783373283236688
Stephen F. Austin,2022,130.97,-0.7961865000503119
UT Martin,2022,128.97,-0.8031313330116256
Campbell,2022,124.16,-0.8198336562835853
Austin Peay,2022,121.11,-0.8304245265495886
Montana,2022,110.64,-0.8667807271020663
Portland State,2022,110.5,-0.8672668654093583
North Alabama,2022,107.8,-0.8766423899071318
James Madison,2022,104.24,-0.8890041925782703
UC Davis,2022,103.7,-0.8908792974778251
Nicholls,2022,100.39,-0.9023729960287994
Samford,2022,100.34,-0.9025466168528321
Montana State,2022,98.27,-0.909734518967792
Sacramento State,2022,96.08,-0.9173391110604305
Youngstown State,2022,94.39,-0.9232074949127407
Duquesne,2022,94.04,-0.9244228406809705
Illinois State,2022,92.75,-0.9289022579410179
UAlbany,2022,92.55,-0.9295967412371493
Western Illinois,2022,91.95,-0.9316801911255435
Central Arkansas,2022,82.3,-0.9651890101638824
Idaho,2022,82.22,-0.9654668034823348
East Tennessee State,2022,74.98,-0.9906070988022907
Eastern Washington,2022,73.36,-0.9962324135009548
Indiana State,2022,70.29,-1.0068927320965715
Stony Brook,2022,69.58,-1.009358147797838
Hampton,2022,69.24,-1.0105387694012613
Furman,2022,67.63,-1.0161293599351189
Elon,2022,64.96,-1.0254007119384727
Alcorn State,2022,62.59,-1.0336303389976293
Norfolk State,2022,61.79,-1.036408272182155
Prairie View A&M,2022,56.88,-1.0534578371021803
Murray State,2022,56.27,-1.0555760111553811
Cal Poly,2022,55.91,-1.0568260810884176
Eastern Illinois,2022,55.8,-1.0572080469012897
Richmond,2022,55.5,-1.0582497718454869
Maine,2022,54.69,-1.061062429194819
Texas Southern,2022,54.59,-1.0614096708428844
Weber State,2022,53.15,-1.0664099505750306
Southern Utah,2022,52.58,-1.068389227969005
North Carolina Central,2022,51.95,-1.0705768503518187
South Dakota,2022,51.92,-1.0706810228462385
Mississippi Valley State,2022,48.86,-1.0813066172770485
Northern Arizona,2022,47.14,-1.0872791736237783
Tennessee Tech,2022,43.6,-1.0995715279653038
San Diego,2022,43.29,-1.1006479770743074
Incarnate Word,2022,40.89,-1.108981776627884
Wagner,2022,39.77,-1.1128708830862197
Delaware,2022,39.14,-1.1150585054690334
Mercer,2022,38.11,-1.11863509444411
Idaho State,2022,37.08,-1.1222116834191866
Western Carolina,2022,35.6,-1.1273508598105588
South Carolina State,2022,35.03,-1.1293301372045332
Fordham,2022,32.71,-1.1373861434396573
Monmouth,2022,28.53,-1.151900844328803
Charleston Southern,2022,28.1,-1.1533939834154854
Morgan State,2022,28,-1.153741225063551
Southeast Missouri State,2022,26.12,-1.160269368047186
North Dakota State,2022,25.18,-1.1635334395390036
New Hampshire,2022,24.6,-1.1655474410977844
Yale,2022,24.05,-1.1674572701621457
Lamar,2022,23.88,-1.1680475809638575
Kennesaw State,2022,22.69,-1.1721797565758392
Lafayette,2022,22.41,-1.173152033190423
Robert Morris,2022,21.85,-1.1750965864195908
The Citadel,2022,21.07,-1.1778050712745034
Arkansas-Pine Bluff,2022,20.54,-1.1796454520092514
Gardner-Webb,2022,19.68,-1.1826317301826164
Wofford,2022,17.85,-1.1889862523422183
Jacksonville,2022,17.49,-1.190236322275255
Army,2022,17.27,-1.1910002539009996
St. Francis (PA),2022,16.89,-1.1923197721636491
Princeton,2022,16.08,-1.1951324295129813
Villanova,2022,15.94,-1.195618567820273
Bryant,2022,14.59,-1.20030633006916
Colgate,2022,14.43,-1.200861916706065
Valparaiso,2022,11.85,-1.2098207512261596
Lehigh,2022,11.72,-1.210272165368645
Central Connecticut,2022,11.33,-1.2116264077961014
William & Mary,2022,10.64,-1.2140223751677546
South Dakota State,2022,5.97,-1.2302385601324222
Houston Christian,2022,5.41,-1.23218311336159
Morehead State,2022,4.96,-1.2337457007778858
Air Force,2022,0,-1.250968886521944
Navy,2022,0,-1.250968886521944
Alabama,2023,1015.43,2.2160647706378493
Georgia,2023,977.87,2.0882509133990053
Ohio State,2023,974.79,2.077769904871432
Texas A&M,2023,925.92,1.9114689676173775
Clemson,2023,917.88,1.8841094518505963
Texas,2023,913.24,1.8683198805623042
LSU,2023,899.31,1.8209171374489628
USC,2023,896.41,1.811048655393781
Oklahoma,2023,884.97,1.7721191951485098
Oregon,2023,874.74,1.7373072739676427
Notre Dame,2023,870.7,1.7235594575873199
Miami,2023,860.27,1.6880669514371296
Penn State,2023,858.06,1.6805464875261111
Michigan,2023,850.43,1.6545821709464419
Florida,2023,845.29,1.637091137234843
Tennessee,2023,821.07,1.554672297449838
North Carolina,2023,805.63,1.5021311378181086
Auburn,2023,770.94,1.3840836748890486
TCU,2023,768.25,1.3749298070516554
Florida State,2023,765.33,1.3649932664995408
Nebraska,2023,765.2,1.3645508862694808
South Carolina,2023,763.02,1.357132510103861
Ole Miss,2023,756.04,1.333380094674491
Missouri,2023,755.4,1.3312022227726577
UCLA,2023,752.6,1.321674033202137
Washington,2023,751.12,1.3166377044291473
Michigan State,2023,747.34,1.3037746485089443
Mississippi State,2023,746.29,1.3002015774199989
Louisville,2023,744.16,1.2929533474967096
Wisconsin,2023,741.63,1.2843439476347749
Kentucky,2023,740.54,1.280634759551965
Arkansas,2023,730.93,1.2479326517759988
Utah,2023,722.55,1.2194161415613685
SMU,2023,714.21,1.191035748340603
Colorado,2023,711.87,1.1830729041995247
Georgia Tech,2023,710.85,1.179601920855978
Stanford,2023,710.28,1.1776622536934076
NC State,2023,700.85,1.145572672389832
Pittsburgh,2023,700.42,1.1441094147057875
Texas Tech,2023,694.26,1.1231473976506419
Iowa,2023,692.62,1.117566600902194
Arizona,2023,687.01,1.098476192512686
Maryland,2023,685.75,1.0941885072059518
Arizona State,2023,681.32,1.0791135501354492
California,2023,681.14,1.0785010236630586
Baylor,2023,678,1.0678158396446886
Indiana,2023,677.57,1.0663525819606445
Purdue,2023,671.1,1.044335658203048
Houston,2023,670.25,1.0414431720834256
West Virginia,2023,666.23,1.0277634142000351
Cincinnati,2023,663.68,1.0190859558411676
Northwestern,2023,657.88,0.9993489917308032
UCF,2023,653.97,0.9860435555805402
Oregon State,2023,653.16,0.9832871864547822
Boston College,2023,650.23,0.9733166166542017
Oklahoma State,2023,649.79,0.971819329721691
Minnesota,2023,640.46,0.9400700409027771
Vanderbilt,2023,639.88,0.9380963444917406
Virginia Tech,2023,638.89,0.934727448893592
Iowa State,2023,638.87,0.9346593903966599
Rutgers,2023,636.35,0.9260840197831912
Kansas,2023,632.68,0.9135952855961154
Illinois,2023,630.95,0.9077082256114725
Memphis,2023,626.86,0.8937902629888187
South Florida,2023,622.89,0.8802806513477587
Virginia,2023,622.7,0.8796340956269021
Duke,2023,620.9,0.8735088309029956
Kansas State,2023,616,0.8568344991545842
Syracuse,2023,610.75,0.8389691437098576
Wake Forest,2023,603.68,0.8149104650442923
Florida Atlantic,2023,582.59,0.743142780029191
Boise State,2023,579.88,0.7339208536948653
BYU,2023,576.25,0.7215682365016544
UTSA,2023,574.52,0.715681176517011
Washington State,2023,573.28,0.7114615497072089
Massachusetts,2023,565.65,0.6854972331275396
East Carolina,2023,563.94,0.679678231639829
Fresno State,2023,555.3,0.6502769609650786
Charlotte,2023,554.96,0.6491199665172299
Temple,2023,554.47,0.6474525333423887
South Alabama,2023,545.68,0.6175408239406462
Tulane,2023,537.7,0.5903854836646621
Tulsa,2023,520.23,0.5309363865943052
App State,2023,517.56,0.521850577253844
Coastal Carolina,2023,515.69,0.5154871077906751
San José State,2023,513.83,0.5091576675759719
Georgia State,2023,499.67,0.46097225174790923
Toledo,2023,497.64,0.4540643143092815
Western Kentucky,2023,491.26,0.4323536537878805
Middle Tennessee,2023,487.98,0.4211920602909847
Florida International,2023,487.5,0.41955865636460965
Arkansas State,2023,487.4,0.4192183638799481
UConn,2023,484.94,0.4108471687572763
Texas State,2023,484.79,0.4103367300302842
Marshall,2023,478.59,0.3892385959812736
Louisiana,2023,475.45,0.3785534119629038
North Texas,2023,474.38,0.37491228237702623
UAB,2023,473.46,0.3717815915181408
Nevada,2023,470.32,0.361096407499771
Rice,2023,466.78,0.3490500535427553
Troy,2023,454.06,0.3057648494938178
Akron,2023,445.02,0.2750024088804219
San Diego State,2023,440.15,0.25843016487740883
Utah State,2023,435.99,0.24427399751549225
Louisiana Tech,2023,433.72,0.2365493581136772
Southern Miss,2023,425.21,0.2075904676689869
Georgia Southern,2023,416.69,0.17859754797583066
Colorado State,2023,413.96,0.16930756314457276
Miami (OH),2023,408.16,0.14957059903420833
Hawai'i,2023,407.77,0.14824345834402847
Ball State,2023,403.54,0.1338490862428489
Western Michigan,2023,401.82,0.12799605550667173
Bowling Green,2023,397.62,0.11370377115089049
UTEP,2023,379.64,0.052519182408760134
New Mexico State,2023,378.99,0.05030728125846073
Eastern Michigan,2023,377.07,0.04377366555296066
New Mexico,2023,375.35,0.03792063481678367
Kent State,2023,373.33,0.031046726626622074
UNLV,2023,354.46,-0.03316646522899522
Northern Illinois,2023,352.36,-0.04031260740688574
Jackson State,2023,351.51,-0.04320509352650822
Old Dominion,2023,343.17,-0.0715854867472738
Ohio,2023,342.6,-0.07352515390984408
Wyoming,2023,338.5,-0.08747714578096398
UL Monroe,2023,336.22,-0.09523581443124514
Central Michigan,2023,332.64,-0.10741828538212551
Liberty,2023,330.29,-0.11541515877166968
Florida A&M,2023,322.74,-0.14110724136360986
Abilene Christian,2023,306.57,-0.19613253613336779
Buffalo,2023,296.09,-0.23179518852588873
Sam Houston,2023,240.42,-0.42123601473692285
Missouri State,2023,233.11,-0.44611139536567535
Jacksonville State,2023,227.27,-0.4659844764699046
UT Martin,2023,221.77,-0.4847005631262848
Eastern Kentucky,2023,214.42,-0.5097120607489021
Chattanooga,2023,201.79,-0.5526910015616443
Alabama State,2023,197.43,-0.5675277538928839
James Madison,2023,196.53,-0.570590386254837
Rhode Island,2023,191.72,-0.5869584547670532
Stony Brook,2023,185.5,-0.608124647312996
Northern Iowa,2023,184.63,-0.6110851919295507
Stephen F. Austin,2023,172.29,-0.6530772845367747
North Alabama,2023,163.24,-0.6838737543986366
Southern,2023,162.55,-0.6862217725428007
Northwestern State,2023,157.75,-0.7025558118065508
Grambling,2023,153.13,-0.7182773245979102
Montana,2023,149.93,-0.7291666841070769
Northern Arizona,2023,148.76,-0.7331481061776159
Northern Colorado,2023,145.36,-0.7447180506561055
Tennessee State,2023,142.51,-0.7544163864689571
Alabama A&M,2023,137.64,-0.7709886304719702
Prairie View A&M,2023,135.18,-0.779359825594642
Austin Peay,2023,120.36,-0.8297911718214702
East Tennessee State,2023,119.73,-0.8319350144748373
Montana State,2023,119.55,-0.832547540947228
Southern Illinois,2023,115.37,-0.846771766806077
Illinois State,2023,114.98,-0.8480989074962566
Duquesne,2023,111.13,-0.8612001681557229
Southern Utah,2023,109.83,-0.8656239704563219
Lamar,2023,108.97,-0.8685504858244104
SE Louisiana,2023,107.19,-0.8746076920513843
Morgan State,2023,105.49,-0.8803926642906291
Delaware,2023,99.19,-0.901831090824301
Samford,2023,97.62,-0.907173682833486
South Dakota,2023,96.61,-0.9106106369285667
Alcorn State,2023,96.02,-0.9126183625880694
Cal Poly,2023,94.82,-0.9167018724040068
Hampton,2023,91.03,-0.929598957572676
Bethune-Cookman,2023,89.46,-0.934941549581861
North Carolina A&T,2023,88.34,-0.9387528254100694
Eastern Illinois,2023,85.97,-0.946817757296546
Central Arkansas,2023,84.99,-0.9501526236462282
Sacramento State,2023,83.86,-0.9539979287229027
Eastern Washington,2023,81.05,-0.9635601475418897
Gardner-Webb,2023,80.81,-0.9643768495050772
Indiana State,2023,80.56,-0.9652275807167309
Murray State,2023,80,-0.967133218630835
Houston Christian,2023,78.5,-0.9722376059007569
Western Illinois,2023,78.14,-0.9734626588455382
UC Davis,2023,77.46,-0.9757766477412362
Portland State,2023,73.81,-0.9881973234313793
Mercer,2023,73.53,-0.9891501423884312
Campbell,2023,73.06,-0.9907495170663403
Norfolk State,2023,72.32,-0.9932676814528351
Western Carolina,2023,70.13,-1.000720086866921
Towson,2023,66.95,-1.0115413878791555
North Dakota State,2023,63.21,-1.024268326805494
Elon,2023,62.31,-1.027330959167447
UAlbany,2023,62.15,-1.0278754271429056
Youngstown State,2023,61.05,-1.0316186444741815
Weber State,2023,59.72,-1.036144534520179
Kennesaw State,2023,58.84,-1.0391391083851997
Nicholls,2023,57.04,-1.0452643731091058
Furman,2023,56.18,-1.0481908884771944
Maine,2023,54.85,-1.052716778523192
McNeese,2023,53,-1.0590121894894289
Monmouth,2023,52.49,-1.0607476811612022
Idaho,2023,47.44,-1.077932451636606
Robert Morris,2023,46.99,-1.0794637678175825
Bryant,2023,45.14,-1.0857591787838197
Central Connecticut,2023,44.75,-1.0870863194739993
Fordham,2023,42.87,-1.0934838181856346
Wofford,2023,42.55,-1.0945727541365513
Tennessee Tech,2023,34.79,-1.1209794509462805
South Carolina State,2023,33.04,-1.126934569427856
Arkansas-Pine Bluff,2023,32.77,-1.1278533591364421
Howard,2023,31.25,-1.1330258049032962
Southeast Missouri State,2023,30.08,-1.1370072269738354
Delaware State,2023,28.74,-1.1415671462682988
San Diego,2023,26.78,-1.1482368789676634
Richmond,2023,26.51,-1.1491556686762494
The Citadel,2023,26.4,-1.149529990409377
Wagner,2023,26.18,-1.1502786338756321
Bucknell,2023,25.64,-1.152116213292804
North Carolina Central,2023,25.46,-1.1527287397651946
South Dakota State,2023,23.58,-1.1591262384768302
Lafayette,2023,22.41,-1.1631076605473691
Butler,2023,20.61,-1.1692329252712754
Lehigh,2023,18.7,-1.1757325117283093
Sacred Heart,2023,17.99,-1.1781485883694056
Jacksonville,2023,17.99,-1.1781485883694056
Texas Southern,2023,17.36,-1.1802924310227727
St. Francis (PA),2023,16.89,-1.1818918057006818
New Hampshire,2023,16.21,-1.1842057945963798
Charleston Southern,2023,16.1,-1.184580116329507
Princeton,2023,16.08,-1.1846481748264395
Idaho State,2023,14.47,-1.190126883829489
North Dakota,2023,14.37,-1.1904671763141503
Morehead State,2023,13.5,-1.1934277209307051
Pennsylvania,2023,12.03,-1.1984300204552287
Holy Cross,2023,11.16,-1.201390565071783
Drake,2023,10.98,-1.2020030915441737
Yale,2023,8.97,-1.2088429704858692
Presbyterian,2023,8.66,-1.2098978771883195
Villanova,2023,4.33,-1.224632541774161
Army,2023,0,-1.239367206360002
Navy,2023,0,-1.239367206360002
Air Force,2023,0,-1.239367206360002
Alabama,2024,1018.28,2.1559186587593335
Georgia,2024,1006.89,2.091377686040623
Ohio State,2024,998.62,2.044516066691744
Texas,2024,953.95,1.7913953246948346
Clemson,2024,924.63,1.6252547346937287
Oregon,2024,916.71,1.5803763761395422
Texas A&M,2024,914.52,1.5679668300241796
Oklahoma,2024,906.61,1.523145136064127
LSU,2024,906.19,1.5207652231104962
Notre Dame,2024,905.52,1.5169686953035129
Penn State,2024,895.31,1.4591141446926228
Florida,2024,894.24,1.4530510331202773
Florida State,2024,879.48,1.3694140921783837
Miami,2024,868.15,1.3052131070244775
USC,2024,863.09,1.2765408223926362
Michigan,2024,859.21,1.2545549598686154
Tennessee,2024,858.67,1.251495071785375
Auburn,2024,833.61,1.1094935988853853
Missouri,2024,807.36,0.9607490392834405
Ole Miss,2024,801.66,0.9284502206270179
South Carolina,2024,798.18,0.90873094186836
North Carolina,2024,794.99,0.8906549363395907
Nebraska,2024,790.42,0.8647592168203184
Kentucky,2024,788.36,0.8530863104286994
SMU,2024,788.22,0.8522930061108225
Arkansas,2024,779.17,0.801011548419485
Wisconsin,2024,771.35,0.7566998358066392
TCU,2024,766.5,0.7292175076516132
UCLA,2024,758.87,0.6859824223273145
Arizona State,2024,757.02,0.6754994724125107
Colorado,2024,749.16,0.6309611014231282
UCF,2024,746.3,0.6147550275007829
Utah,2024,745.21,0.6085785867401693
Mississippi State,2024,743.77,0.6004188851848623
Washington,2024,741.11,0.5853461031451987
Louisville,2024,739.28,0.574976482418663
Purdue,2024,738.93,0.5729932216239703
Texas Tech,2024,732.07,0.5341213100479959
Iowa,2024,723.51,0.485616417469228
NC State,2024,722.41,0.47938331211447976
Michigan State,2024,721.75,0.475643448901631
Stanford,2024,719.43,0.46249726306252553
Pittsburgh,2024,713.74,0.4302551090002376
Baylor,2024,709.46,0.406002662710854
Minnesota,2024,705.22,0.3819768747980065
Georgia Tech,2024,703,0.36939733490024185
California,2024,702.38,0.3658841300639292
Syracuse,2024,698.59,0.3444082488871153
Kansas,2024,696.92,0.3349452616667245
Vanderbilt,2024,695.96,0.3295054606298538
Maryland,2024,695.59,0.32740887064689306
Virginia Tech,2024,695.42,0.3264455725466134
Oklahoma State,2024,687.76,0.2830404934399127
West Virginia,2024,684.9,0.2668344195175674
Northwestern,2024,675.78,0.21515630966729168
Arizona,2024,672.7,0.19770361467399725
Indiana,2024,668.92,0.17628439809131669
Boston College,2024,667.91,0.17056127408377525
Rutgers,2024,663.55,0.1458555110413188
Cincinnati,2024,662.34,0.13899909515109626
Virginia,2024,662.28,0.1386591075862915
Tulane,2024,654.07,0.092137475802217
Illinois,2024,653.75,0.09032420878992634
Kansas State,2024,651.75,0.0789912899631115
Charlotte,2024,648.28,0.05932867579858758
Houston,2024,646.7,0.05037566992540427
UTSA,2024,644.36,0.037116154898030725
Iowa State,2024,642.12,0.024423285811998048
South Florida,2024,641.02,0.018190180457249756
Duke,2024,635.89,-0.010878756333530294
Wake Forest,2024,635.45,-0.013371998475429223
Memphis,2024,633.44,-0.02476158189637809
Oregon State,2024,626.97,-0.061423574301124266
East Carolina,2024,611.66,-0.14817706792039223
Washington State,2024,610.54,-0.15452350246340857
San Diego State,2024,608.95,-0.1635331729307259
Boise State,2024,608.26,-0.16744302992597734
BYU,2024,602.46,-0.2003084945237401
North Texas,2024,595.42,-0.24020036879412882
Florida Atlantic,2024,592.16,-0.25867302648183693
Marshall,2024,587.22,-0.2866653359840693
Massachusetts,2024,585.57,-0.2960149940161914
UAB,2024,583.23,-0.30927450904356496
App State,2024,575.31,-0.35415286759775216
UNLV,2024,575.16,-0.3550028365097631
Arkansas State,2024,573.27,-0.3657124448011031
Toledo,2024,571.92,-0.3733621650092032
Liberty,2024,569.65,-0.38622502787763796
Fresno State,2024,568.31,-0.3938180834916041
Southern Miss,2024,565.51,-0.40968416984914463
Georgia State,2024,564.88,-0.41325403927959126
Coastal Carolina,2024,557.61,-0.4544491992150631
Tulsa,2024,556.71,-0.45954901268712967
South Alabama,2024,554.77,-0.4705419439491404
Louisiana,2024,553.39,-0.4783616579396426
Western Michigan,2024,547.19,-0.5134937063027682
Colorado State,2024,546.04,-0.5200101346281872
Utah State,2024,543.56,-0.5340629539734377
Texas State,2024,540.17,-0.5532722513848889
Rice,2024,538.4,-0.5633018845466199
UConn,2024,537.91,-0.5660784496591896
Akron,2024,537.82,-0.5665884310063958
Louisiana Tech,2024,533.72,-0.5898209146013663
Temple,2024,532.46,-0.5969606534622597
Georgia Southern,2024,527.99,-0.6222897270401909
Nevada,2024,525.22,-0.6379858196153294
Western Kentucky,2024,518.88,-0.6739111722963327
Hawai'i,2024,513.7,-0.7032634320577829
Eastern Michigan,2024,508.73,-0.7314257353424178
Miami (OH),2024,505.3,-0.7508616911304054
Florida International,2024,504.39,-0.7560181691966062
Middle Tennessee,2024,503.43,-0.7614579702334773
Troy,2024,499.56,-0.7833871681633641
Sam Houston,2024,488.03,-0.8487214451999517
Bowling Green,2024,484.51,-0.8686673823351457
San José State,2024,480.29,-0.8925798410597249
Central Michigan,2024,467.22,-0.9666404655929599
New Mexico,2024,464.59,-0.9815432538502217
Ball State,2024,464.07,-0.9844898127451934
James Madison,2024,459.14,-1.012425457653292
UTEP,2024,455.97,-1.0303881339937935
Wyoming,2024,455.45,-1.0333346928887654
Ohio,2024,450.55,-1.0611003440144617
Northern Illinois,2024,437.2,-1.136747577183451
Kent State,2024,435.3,-1.1475138500689248
Buffalo,2024,435.22,-1.1479671668219973
Jacksonville State,2024,430.94,-1.1722196131113813
Old Dominion,2024,428.91,-1.1837225257205983
New Mexico State,2024,370.2,-1.5164003578817482
UL Monroe,2024,329.43,-1.7474219081663687
Kennesaw State,2024,288.14,-1.9813900173459613
Navy,2024,0,-3.6141236327251756
Air Force,2024,0,-3.6141236327251756
Army,2024,0,-3.6141236327251756
Georgia,2025,1002.98,2.2632524271981507
Alabama,2025,993.55,2.202372399863762
Ohio State,2025,973.69,2.0741563507798864
Texas,2025,973.54,2.073187951617621
Oregon,2025,941.22,1.8645302121216054
LSU,2025,920.05,1.7278568103539482
Clemson,2025,918.43,1.717398099401487
Texas A&M,2025,917.29,1.7100382657682738
Notre Dame,2025,912.11,1.6765962146980586
Penn State,2025,910.42,1.66568558413654
Michigan,2025,907.22,1.6450264020082221
Florida,2025,898.58,1.5892466102617624
Auburn,2025,891.84,1.5457332079039918
Oklahoma,2025,882.59,1.4860152595643212
Miami,2025,874.57,1.4342381843552234
Tennessee,2025,866.57,1.3825902290344274
USC,2025,847.53,1.2596680953709323
South Carolina,2025,833.26,1.1675410550674625
Florida State,2025,828.45,1.1364877219308342
Nebraska,2025,821.39,1.0909084013602313
Ole Miss,2025,813.11,1.0374527676032075
Missouri,2025,804.77,0.9836097741812775
Arkansas,2025,772.64,0.7761786736241304
Mississippi State,2025,770.48,0.7622337256875157
SMU,2025,766.67,0.7376363869659862
UCLA,2025,766.62,0.7373135872452314
Kentucky,2025,763.18,0.7151049664572888
Wisconsin,2025,763.17,0.7150404065131379
Texas Tech,2025,757.49,0.6783703582353731
Colorado,2025,755.2,0.6635861310247954
North Carolina,2025,753.2,0.6506741421945964
TCU,2025,745.01,0.5977995479349311
Arizona State,2025,738.52,0.5559001441809353
Syracuse,2025,727.83,0.4868855638835219
Baylor,2025,726.3,0.47700789242841907
California,2025,726.21,0.47642685293106063
Washington,2025,720.56,0.43995048448574786
Michigan State,2025,717.42,0.4196786620223355
Georgia Tech,2025,715.56,0.4076705124102503
Virginia Tech,2025,712.19,0.3859138112313657
Minnesota,2025,711.04,0.3784894176540007
Iowa,2025,710,0.37177518346229743
UCF,2025,709.99,0.3717106235181465
Utah,2025,707.86,0.35795935541398455
NC State,2025,707.51,0.3556997573686996
Stanford,2025,707.27,0.35415031870907565
Kansas State,2025,705.85,0.34498280663963465
Kansas,2025,705.32,0.3415611295996321
Oklahoma State,2025,702.74,0.32490466400867507
Louisville,2025,700.77,0.3121863550109289
UNLV,2025,700.54,0.31070147629545586
Maryland,2025,699.31,0.30276060316488335
Rutgers,2025,689.22,0.23761961951652988
Purdue,2025,687.74,0.2280647477821825
Vanderbilt,2025,685.42,0.21308684073915132
Pittsburgh,2025,681.21,0.18590710425158288
Northwestern,2025,677.97,0.16498968234666042
Duke,2025,669.18,0.10824149143793528
Memphis,2025,668.63,0.10469069450963084
Oregon State,2025,667.99,0.10055885808396725
South Florida,2025,666.89,0.09345726422735764
Virginia,2025,666.74,0.09248886506509287
West Virginia,2025,662.33,0.06401792969450425
Illinois,2025,662.13,0.06272673081148405
UTSA,2025,662.09,0.06246849103488031
Houston,2025,656.74,0.027928920914097807
Arizona,2025,651.62,-0.005125770491211691
Tulane,2025,650.87,-0.00996776630253632
Boston College,2025,650.12,-0.014809762113860949
BYU,2025,649.36,-0.019716317869336517
Iowa State,2025,648.93,-0.022492395467829714
Indiana,2025,645.34,-0.04566941541803641
Cincinnati,2025,644.1,-0.05367484849275986
Wake Forest,2025,627.16,-0.16303939388454583
Toledo,2025,620.13,-0.20842503462269518
Texas State,2025,612.16,-0.25987931011103843
Georgia State,2025,611.97,-0.26110594904990697
East Carolina,2025,611.55,-0.2638174667042492
App State,2025,611.31,-0.26536690536387314
Coastal Carolina,2025,610.88,-0.2681429829623656
Boise State,2025,610.65,-0.26962786167783864
Florida Atlantic,2025,605.22,-0.3046839113518286
Southern Miss,2025,602.53,-0.32205053632844666
Liberty,2025,599.12,-0.34406547728393577
Tulsa,2025,594.78,-0.3720844930454678
San Diego State,2025,594.27,-0.3753770501971685
Miami (OH),2025,592.1,-0.38938655807793415
Arkansas State,2025,591.27,-0.39474503344246703
Marshall,2025,590.64,-0.39881230992397965
Fresno State,2025,586.84,-0.4233450887013575
Louisiana,2025,585.82,-0.42993020300475887
Colorado State,2025,583.71,-0.4435523512206189
Georgia Southern,2025,574.48,-0.5031411796719875
Eastern Michigan,2025,572.9,-0.513341650847845
Washington State,2025,569.46,-0.5355502716357868
North Texas,2025,569.15,-0.5375516299044681
UConn,2025,568.12,-0.5442013041520204
Florida International,2025,562.61,-0.5797738333792186
Troy,2025,561.87,-0.5845512692463923
Western Kentucky,2025,561.36,-0.5878438263980931
UTEP,2025,551.88,-0.6490466534532364
South Alabama,2025,544.87,-0.694303174303084
UAB,2025,540.93,-0.7197397922985763
Akron,2025,537.21,-0.7437560915227459
Western Michigan,2025,534.35,-0.7622202355499306
Rice,2025,530.06,-0.789916451590708
Bowling Green,2025,527.31,-0.8076704362322317
Charlotte,2025,526.3,-0.814190990591482
San José State,2025,522.91,-0.8360768116586693
Middle Tennessee,2025,520.55,-0.8513129584783042
Jacksonville State,2025,519.93,-0.855315675015666
Buffalo,2025,513.33,-0.8979252381553221
Temple,2025,507.91,-0.9329167278851616
Utah State,2025,503.59,-0.9608066237583918
Ball State,2025,495.35,-1.0140040177388114
Louisiana Tech,2025,493.5,-1.0259476074067455
Wyoming,2025,489.33,-1.0528691041177107
Massachusetts,2025,488.73,-1.05674270076677
Nevada,2025,488.69,-1.0570009405433742
Hawai'i,2025,481.2,-1.1053563387124696
Central Michigan,2025,481.16,-1.1056145784890734
Old Dominion,2025,477.45,-1.1295663177690927
Sam Houston,2025,477.35,-1.1302119172106024
UL Monroe,2025,473.34,-1.1561004548151517
Northern Illinois,2025,471.01,-1.1711429218023335
Ohio,2025,469.99,-1.177728036105735
James Madison,2025,459.53,-1.245257737687676
Kent State,2025,456.24,-1.2664979593133532
Missouri State,2025,426.1,-1.461081630984452
New Mexico State,2025,402.9,-1.610860701414761
New Mexico,2025,378.8,-1.7664501668186587
Kennesaw State,2025,338.87,-2.024238023813582
Delaware,2025,242.85,-2.6441426075514367
Army,2025,23.66,-4.059232023397097
